src,dst,bytes
0,1,3075946
0,2,3156945
0,3,4220832
0,4,2320161
0,5,1169443
0,6,1181867
0,7,2729990
0,8,1236584
0,9,1887582
0,10,3562952
0,11,1686280
0,12,1608517
0,13,1043126
0,14,1255572
0,15,8800842
0,16,2060241
0,17,2004145
0,18,1045939
0,19,1081784
0,20,1039259
0,21,1920157
0,22,2856565
0,23,2024055
0,24,2304637
0,25,1132572
0,26,2098955
0,27,1182725
0,28,2225630
0,29,2140433
0,30,7876971
0,31,2126403
0,32,3489419
0,33,1343919
0,34,4276763
0,35,1267150
0,36,1825254
0,37,1297704
0,38,1155949
0,39,1663121
0,40,1186171
0,41,1568508
0,42,1998537
0,43,1097249
0,44,1754062
0,45,1868946
0,46,1259845
0,47,4053303
0,48,43029337
0,49,5429426
0,50,6565392
0,51,4676084
0,52,3262419
0,53,3385288
0,54,1248093
0,55,1502137
0,56,1054482
0,57,4393793
0,58,1037337
0,59,1777329
0,60,1112471
0,61,1323298
0,62,18400050
0,63,2252094
1,0,4846850
1,2,3334319
1,3,1915910
1,4,1717430
1,5,1181011
1,6,1051837
1,7,6498483
1,8,2069264
1,9,1789588
1,10,4048735
1,11,1073658
1,12,4080955
1,13,1354699
1,14,3806184
1,15,1883495
1,16,2145884
1,17,1092916
1,18,1315610
1,19,1018348
1,20,6185645
1,21,1711491
1,22,1804257
1,23,1366466
1,24,8379791
1,25,1283769
1,26,1731470
1,27,1202554
1,28,2361376
1,29,1483770
1,30,1143330
1,31,1397333
1,32,1014887
1,33,10336842
1,34,3625767
1,35,19118151
1,36,1708866
1,37,1601124
1,38,5862462
1,39,3030023
1,40,1458520
1,41,1025766
1,42,1108003
1,43,1138578
1,44,1019371
1,45,12528214
1,46,2448971
1,47,1203148
1,48,1517505
1,49,6115519
1,50,1173646
1,51,1108497
1,52,1443559
1,53,1944338
1,54,1674924
1,55,1910000
1,56,1016309
1,57,1709522
1,58,1713466
1,59,1462200
1,60,1129208
1,61,2173618
1,62,1248416
1,63,4518284
2,0,10262275
2,1,2985614
2,3,2601800
2,4,1541493
2,5,1023073
2,6,1503118
2,7,3814142
2,8,4688739
2,9,2951573
2,10,1186747
2,11,1056032
2,12,6081122
2,13,1960248
2,14,1685010
2,15,1219455
2,16,4826432
2,17,1898301
2,18,1693306
2,19,1234374
2,20,1679950
2,21,6306638
2,22,1553545
2,23,1196351
2,24,21914283
2,25,1157037
2,26,2435803
2,27,1520521
2,28,2157989
2,29,1772335
2,30,2182664
2,31,1210034
2,32,1216093
2,33,1736886
2,34,3083341
2,35,7917997
2,36,1097732
2,37,1259515
2,38,6578960
2,39,1262490
2,40,1011049
2,41,1062284
2,42,4888276
2,43,5403086
2,44,2260663
2,45,1024936
2,46,3352110
2,47,1907479
2,48,15368879
2,49,1165829
2,50,2779863
2,51,2586718
2,52,6511742
2,53,1193422
2,54,1853074
2,55,2770113
2,56,2673091
2,57,1073197
2,58,1221914
2,59,1555133
2,60,1214572
2,61,1237534
2,62,1274552
2,63,1543574
3,0,1413364
3,1,1090765
3,2,2999479
3,4,1121277
3,5,1335961
3,6,1390705
3,7,2366815
3,8,3175309
3,9,1754757
3,10,1127920
3,11,1373237
3,12,22120294
3,13,1340875
3,14,2425671
3,15,1277948
3,16,1045072
3,17,1799092
3,18,1085781
3,19,70388553
3,20,1424139
3,21,1263486
3,22,1122802
3,23,1384555
3,24,2372281
3,25,1283425
3,26,49572027
3,27,8853541
3,28,1410806
3,29,2545837
3,30,2620504
3,31,1394425
3,32,1850719
3,33,1049207
3,34,1303731
3,35,4651002
3,36,17368718
3,37,9243355
3,38,1519011
3,39,1768788
3,40,1860972
3,41,2082457
3,42,2029826
3,43,1309820
3,44,3053999
3,45,4171393
3,46,1353922
3,47,1223456
3,48,2583393
3,49,1427626
3,50,13336137
3,51,1537350
3,52,1416792
3,53,1840592
3,54,5377031
3,55,3049170
3,56,2009789
3,57,3103258
3,58,1646667
3,59,1289303
3,60,1185883
3,61,4682402
3,62,1534773
3,63,1863356
4,0,2400048
4,1,5958634
4,2,2186078
4,3,1049644
4,5,1666828
4,6,2916211
4,7,1396085
4,8,1306946
4,9,1044206
4,10,1207929
4,11,2869115
4,12,1447154
4,13,1201960
4,14,2228007
4,15,5660731
4,16,7565181
4,17,6092539
4,18,1613105
4,19,1013874
4,20,1041618
4,21,1977363
4,22,1477602
4,23,1690744
4,24,2032725
4,25,2478814
4,26,6343983
4,27,1184445
4,28,1456688
4,29,42121047
4,30,1452130
4,31,3778620
4,32,4669785
4,33,1504101
4,34,4663505
4,35,3444373
4,36,1512509
4,37,2342560
4,38,1576111
4,39,2756592
4,40,1087911
4,41,21131583
4,42,1066574
4,43,2637773
4,44,5162511
4,45,3358088
4,46,1621787
4,47,2218534
4,48,2815611
4,49,10225443
4,50,1061610
4,51,1220990
4,52,1946091
4,53,1510025
4,54,1374841
4,55,8022699
4,56,1086490
4,57,1343538
4,58,1369245
4,59,1250034
4,60,2562014
4,61,2238774
4,62,2072292
4,63,1374038
5,0,1105047
5,1,3078407
5,2,2034663
5,3,1308022
5,4,1033096
5,6,1672423
5,7,7491509
5,8,4995419
5,9,3400615
5,10,3522416
5,11,1113470
5,12,4132769
5,13,4553629
5,14,1288955
5,15,7279852
5,16,1641862
5,17,1843695
5,18,1411231
5,19,4472105
5,20,1428939
5,21,2555516
5,22,2696624
5,23,1047679
5,24,3782530
5,25,1181581
5,26,7756711
5,27,1290346
5,28,1046374
5,29,6538443
5,30,1454405
5,31,2003208
5,32,1037551
5,33,1468224
5,34,7528142
5,35,1194299
5,36,1729448
5,37,2775954
5,38,1745083
5,39,3643661
5,40,2086554
5,41,10895126
5,42,1342015
5,43,1051178
5,44,1242309
5,45,1716106
5,46,2203331
5,47,11200659
5,48,1807966
5,49,7178975
5,50,1271512
5,51,1068620
5,52,1930437
5,53,1391117
5,54,5528534
5,55,1867345
5,56,1115724
5,57,3545935
5,58,1266148
5,59,3254024
5,60,3573251
5,61,5438271
5,62,2044416
5,63,4292308
6,0,1116477
6,1,1436429
6,2,1232173
6,3,3502534
6,4,1229668
6,5,2013571
6,7,1156221
6,8,2302072
6,9,3539180
6,10,13609004
6,11,1109488
6,12,1779478
6,13,1897472
6,14,1533745
6,15,1153508
6,16,1028057
6,17,2184939
6,18,1827536
6,19,5593754
6,20,6209425
6,21,1679320
6,22,1032252
6,23,1368449
6,24,2651773
6,25,1147591
6,26,1037977
6,27,1972826
6,28,1974638
6,29,4230879
6,30,1373637
6,31,2016418
6,32,1029940
6,33,1465900
6,34,1061162
6,35,1088385
6,36,1314883
6,37,1670554
6,38,8646889
6,39,1108250
6,40,11721947
6,41,1255900
6,42,3310926
6,43,1032463
6,44,8426968
6,45,1095800
6,46,2911858
6,47,3248454
6,48,1650898
6,49,2506382
6,50,2268067
6,51,1967413
6,52,1401093
6,53,1618881
6,54,1505084
6,55,2534649
6,56,1350055
6,57,2324078
6,58,1124077
6,59,12357081
6,60,2130698
6,61,1378870
6,62,1488074
6,63,1978273
7,0,2437258
7,1,1339737
7,2,19423435
7,3,4707867
7,4,2288081
7,5,1403612
7,6,1013065
7,8,1881866
7,9,1342776
7,10,1216398
7,11,2669511
7,12,2571832
7,13,2735642
7,14,4035101
7,15,3879186
7,16,14349731
7,17,10528712
7,18,1799828
7,19,1319258
7,20,1451223
7,21,1366862
7,22,1676804
7,23,3895839
7,24,1341635
7,25,1040116
7,26,1738927
7,27,1222530
7,28,6369158
7,29,1360161
7,30,9546430
7,31,4812926
7,32,1060937
7,33,1013671
7,34,1406564
7,35,2536241
7,36,2168007
7,37,1353147
7,38,1387008
7,39,1569048
7,40,7081190
7,41,2552280
7,42,163022519
7,43,1309100
7,44,1078982
7,45,3141393
7,46,2018321
7,47,1560452
7,48,1257540
7,49,1399419
7,50,2070272
7,51,1239757
7,52,1981009
7,53,1047897
7,54,2560386
7,55,3108282
7,56,1562056
7,57,1453494
7,58,1300887
7,59,1160317
7,60,60835494
7,61,2010733
7,62,1566350
7,63,2143700
8,0,1085309
8,1,52288675
8,2,2537835
8,3,3073490
8,4,2539431
8,5,1023693
8,6,1079215
8,7,1149198
8,9,1652719
8,10,7640504
8,11,1274890
8,12,2021184
8,13,1261166
8,14,2105219
8,15,1348515
8,16,3346156
8,17,1693948
8,18,2422794
8,19,1990191
8,20,1062059
8,21,1149466
8,22,1257212
8,23,5100312
8,24,1341255
8,25,19269433
8,26,1122039
8,27,13968330
8,28,10937623
8,29,3850424
8,30,1217925
8,31,4559581
8,32,1588229
8,33,5300534
8,34,4495061
8,35,1526084
8,36,1592688
8,37,1272861
8,38,3293621
8,39,1282738
8,40,4449411
8,41,1057810
8,42,2212659
8,43,2035633
8,44,8523140
8,45,2456355
8,46,1129982
8,47,1055811
8,48,2084503
8,49,1431572
8,50,3512444
8,51,1658208
8,52,1652111
8,53,2992528
8,54,1476658
8,55,1055146
8,56,1814687
8,57,4246050
8,58,1281365
8,59,1067255
8,60,3406790
8,61,3167409
8,62,2634299
8,63,1211844
9,0,1338224
9,1,7959507
9,2,11977472
9,3,1847590
9,4,1816940
9,5,32277905
9,6,1040759
9,7,3583617
9,8,2001337
9,10,1366070
9,11,17739918
9,12,1116226
9,13,1027223
9,14,4632389
9,15,1555663
9,16,4951933
9,17,4181177
9,18,1068164
9,19,2196394
9,20,3282197
9,21,3632901
9,22,1161140
9,23,1453949
9,24,3887492
9,25,2237572
9,26,3223654
9,27,4215829
9,28,6551886
9,29,1408257
9,30,12413538
9,31,1236901
9,32,1297352
9,33,3559534
9,34,1572299
9,35,1513506
9,36,5779855
9,37,3834203
9,38,1224693
9,39,2434350
9,40,1647270
9,41,2345227
9,42,3355096
9,43,1156493
9,44,1235952
9,45,1530670
9,46,1233430
9,47,1069988
9,48,1227175
9,49,1560986
9,50,1477130
9,51,3883334
9,52,2460810
9,53,2676681
9,54,2303354
9,55,3068591
9,56,2020228
9,57,2414208
9,58,3425465
9,59,1362125
9,60,3713512
9,61,1344683
9,62,1019986
9,63,1066347
10,0,2813597
10,1,1322561
10,2,1331087
10,3,1206131
10,4,1071590
10,5,7262818
10,6,1260175
10,7,1618302
10,8,1682475
10,9,2317557
10,11,2653535
10,12,1305515
10,13,2375026
10,14,2038551
10,15,2025014
10,16,1350827
10,17,5385685
10,18,1168886
10,19,2617081
10,20,1391530
10,21,9185311
10,22,15011454
10,23,3629330
10,24,1214268
10,25,1300178
10,26,2118934
10,27,1497254
10,28,3201964
10,29,26758773
10,30,1101620
10,31,321091662
10,32,1638279
10,33,1091481
10,34,1094356
10,35,1530159
10,36,1691383
10,37,3234624
10,38,7348896
10,39,2111524
10,40,1077355
10,41,1499203
10,42,2683895
10,43,6675736
10,44,1016920
10,45,1839819
10,46,5115703
10,47,41254787
10,48,9361955
10,49,1187324
10,50,2678480
10,51,1072278
10,52,1168607
10,53,4695095
10,54,3854504
10,55,1158674
10,56,1611381
10,57,1794691
10,58,1155677
10,59,1461738
10,60,8241756
10,61,1235320
10,62,2012624
10,63,1641264
11,0,3006466
11,1,1012459
11,2,1199296
11,3,1009043
11,4,1151887
11,5,5032320
11,6,1028475
11,7,2526725
11,8,1387417
11,9,1463585
11,10,1364489
11,12,1080148
11,13,1460357
11,14,1633529
11,15,4867464
11,16,1056920
11,17,1219762
11,18,1543053
11,19,1546707
11,20,4973569
11,21,2166889
11,22,2052294
11,23,1399837
11,24,2745120
11,25,1409955
11,26,2062238
11,27,1216703
11,28,4902263
11,29,1213661
11,30,2217356
11,31,1163065
11,32,1204340
11,33,2057253
11,34,2305921
11,35,1128435
11,36,88603938
11,37,1339359
11,38,29228399
11,39,1269159
11,40,1203744
11,41,62942467
11,42,3020550
11,43,3549324
11,44,1184732
11,45,1284458
11,46,1669310
11,47,1099186
11,48,3210059
11,49,1490960
11,50,3422337
11,51,1039045
11,52,2852410
11,53,1701046
11,54,1761741
11,55,1446253
11,56,1178733
11,57,3590566
11,58,1575565
11,59,1723415
11,60,3473180
11,61,2825725
11,62,4307981
11,63,1719420
12,0,1056254
12,1,2136094
12,2,2103126
12,3,1839046
12,4,4127998
12,5,1804997
12,6,1255245
12,7,1313795
12,8,1327736
12,9,1026806
12,10,2036605
12,11,1755453
12,13,10852999
12,14,1444007
12,15,2662384
12,16,4008140
12,17,4733646
12,18,1514004
12,19,3180600
12,20,1525576
12,21,2728112
12,22,1030780
12,23,1137267
12,24,4620073
12,25,1268489
12,26,3229128
12,27,1739609
12,28,2132853
12,29,1418944
12,30,1039473
12,31,1035212
12,32,1176466
12,33,1102108
12,34,1551961
12,35,4256233
12,36,2195242
12,37,16247929
12,38,2043436
12,39,8933937
12,40,1072968
12,41,1362912
12,42,1456231
12,43,7049257
12,44,1620042
12,45,3322576
12,46,3431742
12,47,5250881
12,48,1402771
12,49,1726761
12,50,4118492
12,51,1206730
12,52,1107509
12,53,5394369
12,54,1036912
12,55,5317322
12,56,1312346
12,57,3100753
12,58,4388317
12,59,1487115
12,60,1034788
12,61,1370838
12,62,1415934
12,63,1301242
13,0,3039562
13,1,3118387
13,2,1045506
13,3,1081316
13,4,1048988
13,5,1423270
13,6,1115975
13,7,1540973
13,8,22545691
13,9,2570190
13,10,1043342
13,11,10010543
13,12,1376449
13,14,2349241
13,15,1775899
13,16,1271175
13,17,2533060
13,18,2418492
13,19,9872822
13,20,2949335
13,21,2153569
13,22,1979184
13,23,1076197
13,24,1084131
13,25,1782354
13,26,2219713
13,27,2685705
13,28,1121785
13,29,255080958
13,30,5631807
13,31,1671176
13,32,1249063
13,33,1511515
13,34,1254591
13,35,1549855
13,36,3830172
13,37,1767374
13,38,1447605
13,39,1169722
13,40,2291877
13,41,2040502
13,42,1298410
13,43,1306230
13,44,1266482
13,45,1261497
13,46,1125867
13,47,15461254
13,48,1529138
13,49,1829062
13,50,2393038
13,51,1252308
13,52,1936491
13,53,2486403
13,54,1257869
13,55,1321458
13,56,5603213
13,57,1734851
13,58,1124587
13,59,1346979
13,60,1769496
13,61,1401512
13,62,2065243
13,63,1059371
14,0,34369180
14,1,1029731
14,2,1899963
14,3,3972816
14,4,1677432
14,5,1552489
14,6,5894129
14,7,1372436
14,8,1027848
14,9,1948728
14,10,3126013
14,11,1243589
14,12,2888173
14,13,4529997
14,15,1842918
14,16,1899132
14,17,16458943
14,18,1773047
14,19,1197527
14,20,3929633
14,21,1060489
14,22,4895258
14,23,2541029
14,24,2259435
14,25,12825627
14,26,1392355
14,27,2667725
14,28,2333278
14,29,3622212
14,30,1018757
14,31,2307208
14,32,1191673
14,33,1660046
14,34,3090776
14,35,1093636
14,36,1893337
14,37,1078517
14,38,2104172
14,39,3382242
14,40,1145456
14,41,5851991
14,42,1074349
14,43,1463123
14,44,1528119
14,45,2079395
14,46,1188191
14,47,1057365
14,48,1801301
14,49,1455774
14,50,2590053
14,51,1594927
14,52,1692024
14,53,2148074
14,54,3453916
14,55,1117232
14,56,1433334
14,57,4166521
14,58,7129706
14,59,1492890
14,60,2944869
14,61,1478074
14,62,1253611
14,63,1186459
15,0,1144923
15,1,1437315
15,2,12470579
15,3,2983317
15,4,1262159
15,5,1430254
15,6,1215789
15,7,5546993
15,8,3826151
15,9,18679902
15,10,1039901
15,11,2766235
15,12,1189639
15,13,1785239
15,14,3046762
15,16,2334599
15,17,1069076
15,18,2724365
15,19,1347363
15,20,1722748
15,21,47153603
15,22,1281023
15,23,1820708
15,24,1302663
15,25,1650292
15,26,5138987
15,27,12645300
15,28,2401455
15,29,1265148
15,30,1148661
15,31,1075272
15,32,4966334
15,33,1749905
15,34,1139630
15,35,2129622
15,36,8130568
15,37,1548279
15,38,2115751
15,39,1093876
15,40,1187902
15,41,1131275
15,42,1126636
15,43,2492512
15,44,1589341
15,45,1358987
15,46,14755392
15,47,2610265
15,48,1289998
15,49,21514928
15,50,1954026
15,51,2658836
15,52,1573930
15,53,1199000
15,54,2369544
15,55,1053599
15,56,3981582
15,57,1469622
15,58,1026182
15,59,3441206
15,60,25545791
15,61,1140157
15,62,4657244
15,63,1597737
16,0,1371237
16,1,6294299
16,2,11873770
16,3,2328011
16,4,1419376
16,5,3900028
16,6,1328479
16,7,3999243
16,8,3191242
16,9,2405689
16,10,3403699
16,11,5820828
16,12,2387463
16,13,1398584
16,14,3747664
16,15,1783795
16,17,1090288
16,18,1449864
16,19,2075330
16,20,5831174
16,21,1256555
16,22,2244807
16,23,1395254
16,24,1334457
16,25,1800564
16,26,3361086
16,27,1826014
16,28,1319991
16,29,2216180
16,30,1687553
16,31,1450316
16,32,1270502
16,33,2576773
16,34,3146558
16,35,1192838
16,36,1681211
16,37,1393182
16,38,7717535
16,39,1246480
16,40,1221298
16,41,2331959
16,42,1590455
16,43,2270547
16,44,3706018
16,45,17490497
16,46,2715047
16,47,23454402
16,48,25837328
16,49,1180440
16,50,11526171
16,51,27757609
16,52,6606287
16,53,2106267
16,54,1435100
16,55,1173927
16,56,1489996
16,57,1146522
16,58,1544617
16,59,1607375
16,60,5047252
16,61,2503285
16,62,1404454
16,63,9302230
17,0,2192943
17,1,1180725
17,2,1730795
17,3,1984670
17,4,8310129
17,5,1179586
17,6,2329325
17,7,50889599
17,8,1637089
17,9,2266830
17,10,2922769
17,11,1126892
17,12,2468276
17,13,1174772
17,14,2713192
17,15,1263154
17,16,1612530
17,18,1017327
17,19,1104065
17,20,1054925
17,21,1270839
17,22,1730121
17,23,1010447
17,24,13471016
17,25,1798357
17,26,1301952
17,27,1017531
17,28,24449896
17,29,1426316
17,30,1962928
17,31,2606871
17,32,1448056
17,33,2819647
17,34,1193130
17,35,3136248
17,36,1404033
17,37,31798821
17,38,7146044
17,39,2829794
17,40,1058256
17,41,1349285
17,42,1332208
17,43,1199887
17,44,2005083
17,45,1811693
17,46,1053158
17,47,1380489
17,48,3683737
17,49,4626222
17,50,1378062
17,51,1051617
17,52,7737067
17,53,1513007
17,54,33286635
17,55,1082487
17,56,2580078
17,57,1939099
17,58,1324404
17,59,18538788
17,60,7296976
17,61,1614257
17,62,1822978
17,63,2097916
18,0,9772292
18,1,1105784
18,2,2674884
18,3,4085605
18,4,2817627
18,5,1681843
18,6,1326994
18,7,1242628
18,8,3394466
18,9,105920747
18,10,1034364
18,11,2657067
18,12,1214876
18,13,7509776
18,14,1055368
18,15,2351926
18,16,1809455
18,17,8498866
18,19,3794316
18,20,1319624
18,21,1565274
18,22,1859386
18,23,1317431
18,24,1473365
18,25,2224444
18,26,1579944
18,27,1405719
18,28,1743026
18,29,2883914
18,30,1297000
18,31,1316338
18,32,1048770
18,33,5334229
18,34,10451010
18,35,1109736
18,36,1106769
18,37,1272523
18,38,4350411
18,39,1284114
18,40,1096765
18,41,1073428
18,42,5510212
18,43,5492027
18,44,3691130
18,45,1142535
18,46,1571214
18,47,1049425
18,48,2459323
18,49,1664355
18,50,1448959
18,51,1517004
18,52,2644752
18,53,2357315
18,54,3469952
18,55,1086017
18,56,1077820
18,57,1537866
18,58,2762369
18,59,5092655
18,60,2707644
18,61,1208529
18,62,8450782
18,63,1864949
19,0,1129724
19,1,4819668
19,2,1430693
19,3,3447547
19,4,12245881
19,5,1135958
19,6,1093396
19,7,1275908
19,8,1961140
19,9,1376047
19,10,1348131
19,11,1151348
19,12,1175054
19,13,11067383
19,14,4944768
19,15,2067251
19,16,1189349
19,17,15649807
19,18,2161316
19,20,4044179
19,21,1032674
19,22,1103330
19,23,2042457
19,24,2027898
19,25,1321826
19,26,1393596
19,27,2801586
19,28,1720084
19,29,3717272
19,30,8596907
19,31,1599428
19,32,1263818
19,33,2113635
19,34,2137177
19,35,15843614
19,36,5810524
19,37,5002750
19,38,2077360
19,39,1872157
19,40,1823736
19,41,1265482
19,42,2643003
19,43,1470089
19,44,1539936
19,45,3080872
19,46,4161661
19,47,1058925
19,48,1706904
19,49,2441636
19,50,1483293
19,51,1391942
19,52,8196872
19,53,1526592
19,54,2629107
19,55,1276587
19,56,1118997
19,57,1287568
19,58,2285557
19,59,1567428
19,60,1646065
19,61,1143595
19,62,1497741
19,63,1234689
20,0,1101864
20,1,3299367
20,2,1965616
20,3,1659433
20,4,1075503
20,5,1507056
20,6,1881052
20,7,1157310
20,8,4271610
20,9,3608070
20,10,1137005
20,11,1120516
20,12,1916758
20,13,1955799
20,14,1969214
20,15,8723101
20,16,2563645
20,17,1369643
20,18,1911684
20,19,1351599
20,21,2529888
20,22,1069532
20,23,1581043
20,24,4853700
20,25,2894590
20,26,3594051
20,27,1351213
20,28,2121062
20,29,1220376
20,30,16042907
20,31,1055589
20,32,2026936
20,33,3066148
20,34,1738246
20,35,1756846
20,36,1103820
20,37,1078284
20,38,1121023
20,39,2739425
20,40,9099767
20,41,1145189
20,42,1332957
20,43,1091242
20,44,1225932
20,45,6703978
20,46,2246017
20,47,1506563
20,48,4205863
20,49,1663738
20,50,1589898
20,51,6394558
20,52,1503609
20,53,1061835
20,54,1192547
20,55,3349130
20,56,1254918
20,57,1331834
20,58,1054040
20,59,1065894
20,60,1101132
20,61,1467758
20,62,1609661
20,63,84145335
21,0,1428063
21,1,3015839
21,2,1583798
21,3,2346564
21,4,2265593
21,5,3636480
21,6,1996676
21,7,2726237
21,8,2343893
21,9,12083234
21,10,1865747
21,11,1198410
21,12,3276519
21,13,1622370
21,14,1527101
21,15,1674298
21,16,1152427
21,17,1358596
21,18,9071649
21,19,1063860
21,20,1320724
21,22,1805739
21,23,1035000
21,24,113556470
21,25,2942642
21,26,5131199
21,27,2177001
21,28,4404791
21,29,1188770
21,30,1015902
21,31,4334390
21,32,3305135
21,33,8044014
21,34,3032401
21,35,3041958
21,36,2785750
21,37,4361166
21,38,1244872
21,39,4806205
21,40,12586451
21,41,2080415
21,42,1786686
21,43,2256982
21,44,3154341
21,45,1115473
21,46,1569589
21,47,15942560
21,48,4176279
21,49,3319655
21,50,1113970
21,51,1434217
21,52,20945605
21,53,11291537
21,54,1217619
21,55,1185020
21,56,1689466
21,57,9422550
21,58,1942588
21,59,1279996
21,60,58880844
21,61,1228732
21,62,1070217
21,63,2528306
22,0,2229198
22,1,1372036
22,2,1562591
22,3,3268042
22,4,1016512
22,5,2232778
22,6,1196938
22,7,3376167
22,8,2823696
22,9,1591570
22,10,1164722
22,11,6197509
22,12,2081435
22,13,3499245
22,14,5194256
22,15,1600558
22,16,2091701
22,17,1605095
22,18,1020191
22,19,2622220
22,20,1876997
22,21,15277737
22,23,1644261
22,24,1097490
22,25,1282051
22,26,1628809
22,27,7836420
22,28,9577976
22,29,4923412
22,30,1131793
22,31,1307305
22,32,3061276
22,33,1051398
22,34,5085024
22,35,1694591
22,36,2041479
22,37,1725421
22,38,2994841
22,39,2793643
22,40,6732491
22,41,2162428
22,42,1305873
22,43,1763145
22,44,1300532
22,45,2181529
22,46,1587674
22,47,1012661
22,48,1547755
22,49,1688190
22,50,1603958
22,51,5267315
22,52,1222838
22,53,1131534
22,54,1586564
22,55,9515118
22,56,1166383
22,57,1133611
22,58,76578707
22,59,1481866
22,60,1111475
22,61,2718766
22,62,2558760
22,63,2494044
23,0,3740014
23,1,6633871
23,2,1387827
23,3,13894764
23,4,1426753
23,5,1466829
23,6,1217008
23,7,6002529
23,8,1295944
23,9,1301597
23,10,1288261
23,11,1064311
23,12,24984332
23,13,1040974
23,14,1228108
23,15,1256228
23,16,2795624
23,17,1598864
23,18,3172671
23,19,1785963
23,20,1034153
23,21,5565592
23,22,1642461
23,24,17614214
23,25,3858593
23,26,1775185
23,27,1313070
23,28,1397750
23,29,2355965
23,30,2542629
23,31,1060266
23,32,1407834
23,33,1514503
23,34,2566912
23,35,1045289
23,36,2886042
23,37,6804981
23,38,1910842
23,39,3397537
23,40,1010647
23,41,4930508
23,42,1492407
23,43,2088609
23,44,2557137
23,45,1406987
23,46,4266470
23,47,4577541
23,48,1124332
23,49,2737532
23,50,4366566
23,51,9609757
23,52,1174490
23,53,4012606
23,54,5739524
23,55,2183801
23,56,1168328
23,57,5069839
23,58,1439538
23,59,1389470
23,60,1640069
23,61,1364884
23,62,1009644
23,63,1280338
24,0,4860571
24,1,1448507
24,2,1506070
24,3,2497116
24,4,11384091
24,5,1894162
24,6,2741320
24,7,2867015
24,8,8333205
24,9,1207629
24,10,1318161
24,11,2462299
24,12,1099429
24,13,1412937
24,14,1425009
24,15,2489453
24,16,3964095
24,17,1927855
24,18,2419924
24,19,2045397
24,20,3438045
24,21,1375644
24,22,1310541
24,23,1851503
24,25,1425445
24,26,1429815
24,27,1217313
24,28,9331985
24,29,1324035
24,30,2864918
24,31,1140421
24,32,2068257
24,33,1317796
24,34,1810200
24,35,2873326
24,36,3486158
24,37,1175901
24,38,1030150
24,39,19580234
24,40,2061239
24,41,1761040
24,42,13822064
24,43,1144126
24,44,1294890
24,45,30886992
24,46,1489515
24,47,1471023
24,48,7383974
24,49,1819953
24,50,1434658
24,51,2254535
24,52,1238803
24,53,1161689
24,54,1768081
24,55,2646504
24,56,2054274
24,57,2451919
24,58,1931299
24,59,1494826
24,60,8152535
24,61,1218230
24,62,1274213
24,63,1837502
25,0,1580494
25,1,3011144
25,2,1386189
25,3,1993891
25,4,3428601
25,5,1360946
25,6,1507550
25,7,38880031
25,8,5010106
25,9,1083896
25,10,1207029
25,11,2154672
25,12,1306588
25,13,1415076
25,14,1414648
25,15,3196593
25,16,3085815
25,17,1283081
25,18,3285045
25,19,4287112
25,20,1326623
25,21,12887030
25,22,1036061
25,23,1661275
25,24,1355087
25,26,2249659
25,27,1248739
25,28,1269495
25,29,7678802
25,30,1100402
25,31,8403305
25,32,3724818
25,33,14271584
25,34,8356425
25,35,2125333
25,36,1097007
25,37,1536833
25,38,1697811
25,39,13204259
25,40,1917607
25,41,6718200
25,42,1787411
25,43,1469155
25,44,1187036
25,45,2591724
25,46,1130499
25,47,1009443
25,48,1195764
25,49,2279276
25,50,1012258
25,51,1211542
25,52,1226243
25,53,2273034
25,54,3946779
25,55,1334833
25,56,1952256
25,57,5447148
25,58,1282394
25,59,2171370
25,60,1241031
25,61,1771625
25,62,4240980
25,63,1098459
26,0,1131016
26,1,2215005
26,2,2073303
26,3,3604554
26,4,1462661
26,5,1094597
26,6,1075041
26,7,1661890
26,8,1763849
26,9,1183011
26,10,1442216
26,11,3680053
26,12,1292789
26,13,1121531
26,14,6257607
26,15,6620047
26,16,4613943
26,17,1135436
26,18,1223765
26,19,1119250
26,20,1070674
26,21,7097279
26,22,1988347
26,23,2848267
26,24,5259083
26,25,1218842
26,27,1982838
26,28,2269307
26,29,1011855
26,30,4881317
26,31,1291392
26,32,8087031
26,33,1644862
26,34,1128177
26,35,4021570
26,36,1657596
26,37,1016105
26,38,4786169
26,39,1271849
26,40,1757543
26,41,2210319
26,42,1116729
26,43,10568054
26,44,3951092
26,45,2927159
26,46,2421358
26,47,3921123
26,48,1582144
26,49,1267485
26,50,2261894
26,51,1986507
26,52,2905355
26,53,1363700
26,54,5991487
26,55,2152468
26,56,2190649
26,57,6047157
26,58,1210637
26,59,1524056
26,60,1231859
26,61,1112970
26,62,2063239
26,63,3611594
27,0,1256884
27,1,1478547
27,2,3569811
27,3,3994811
27,4,1542012
27,5,13679199
27,6,1153779
27,7,1242948
27,8,3870919
27,9,1171680
27,10,5062285
27,11,1655763
27,12,2299514
27,13,1499691
27,14,2630835
27,15,3942477
27,16,2585055
27,17,1019576
27,18,4421405
27,19,4426975
27,20,1147056
27,21,1241350
27,22,7331497
27,23,4142350
27,24,1074579
27,25,2365452
27,26,1087200
27,28,5170406
27,29,1151618
27,30,2093768
27,31,2242389
27,32,8065458
27,33,1184158
27,34,2573476
27,35,3273688
27,36,1198705
27,37,4156814
27,38,3759205
27,39,1070446
27,40,3071039
27,41,1766667
27,42,7455274
27,43,1482817
27,44,1035848
27,45,1042479
27,46,1219149
27,47,11478369
27,48,3343188
27,49,2504832
27,50,1043558
27,51,1030360
27,52,1170281
27,53,1727432
27,54,1079681
27,55,1185307
27,56,4251135
27,57,2017369
27,58,2274279
27,59,2373653
27,60,1244551
27,61,3640067
27,62,1676177
27,63,1168050
28,0,4186088
28,1,7698114
28,2,4980828
28,3,5482984
28,4,1357814
28,5,1080614
28,6,1115222
28,7,2128548
28,8,1376852
28,9,1014076
28,10,1258527
28,11,2523571
28,12,2417062
28,13,1133871
28,14,1147858
28,15,1461278
28,16,1197821
28,17,1671800
28,18,1203446
28,19,3419215
28,20,1765962
28,21,2956061
28,22,2124263
28,23,2450444
28,24,1712149
28,25,1501158
28,26,1065668
28,27,1024107
28,29,1083191
28,30,2341229
28,31,1746458
28,32,16144686
28,33,5017486
28,34,1079448
28,35,2059244
28,36,2101038
28,37,1365279
28,38,1226864
28,39,1123057
28,40,1231546
28,41,1396501
28,42,1834422
28,43,1533231
28,44,3159554
28,45,1538900
28,46,4094941
28,47,1199591
28,48,1737566
28,49,1167494
28,50,1086963
28,51,1624120
28,52,1726091
28,53,2250876
28,54,1042264
28,55,1795423
28,56,1421536
28,57,3058846
28,58,6221392
28,59,1535287
28,60,2381917
28,61,1471491
28,62,1177315
28,63,4191012
29,0,1140949
29,1,1558852
29,2,1105538
29,3,1028893
29,4,2457838
29,5,1345065
29,6,2967349
29,7,1623536
29,8,1380083
29,9,1011452
29,10,4137553
29,11,1155134
29,12,1742341
29,13,1030990
29,14,2174744
29,15,1660660
29,16,2159097
29,17,1083661
29,18,3587088
29,19,1308741
29,20,1294539
29,21,6485285
29,22,1101376
29,23,1137791
29,24,2064240
29,25,3409886
29,26,3891661
29,27,2236371
29,28,2879668
29,30,1345830
29,31,1418083
29,32,1104555
29,33,5800260
29,34,2114693
29,35,1032885
29,36,11245891
29,37,1196645
29,38,1176183
29,39,1232801
29,40,1293488
29,41,1018552
29,42,1162790
29,43,1302307
29,44,1318892
29,45,4200899
29,46,1104801
29,47,1289650
29,48,1705598
29,49,1060713
29,50,5368409
29,51,1420671
29,52,1991114
29,53,1791043
29,54,4714282
29,55,93631850
29,56,5729540
29,57,7938691
29,58,1089098
29,59,2053284
29,60,2395836
29,61,10980494
29,62,1495311
29,63,1635306
30,0,1338980
30,1,3364090
30,2,2639514
30,3,13269829
30,4,1081550
30,5,1356254
30,6,1464973
30,7,1259185
30,8,2692973
30,9,1098944
30,10,1143860
30,11,3552720
30,12,1152967
30,13,2924962
30,14,6525062
30,15,1247770
30,16,1523550
30,17,4535879
30,18,4792827
30,19,2109417
30,20,1813189
30,21,1102352
30,22,3985981
30,23,1036486
30,24,1310180
30,25,1494342
30,26,1401932
30,27,1550907
30,28,3580154
30,29,1852288
30,31,6245482
30,32,1509530
30,33,8547570
30,34,4638575
30,35,3492688
30,36,2119998
30,37,1868145
30,38,6446049
30,39,1412510
30,40,7017646
30,41,5218355
30,42,1193714
30,43,1279654
30,44,5904771
30,45,1844472
30,46,35534298
30,47,1033307
30,48,1331460
30,49,2664162
30,50,1919306
30,51,3842295
30,52,3251236
30,53,2022140
30,54,1225002
30,55,2965084
30,56,1069304
30,57,1841367
30,58,3862692
30,59,1296296
30,60,3457110
30,61,1493857
30,62,6761277
30,63,1613680
31,0,2842079
31,1,3207356
31,2,1963823
31,3,1521529
31,4,1885945
31,5,2321465
31,6,2092734
31,7,1178166
31,8,1412084
31,9,4099627
31,10,1272186
31,11,9739291
31,12,1025143
31,13,3790378
31,14,7401655
31,15,1985588
31,16,28471653
31,17,1329595
31,18,1094116
31,19,5709689
31,20,2440175
31,21,1315247
31,22,1123566
31,23,1665590
31,24,1209732
31,25,1888401
31,26,4067076
31,27,1417222
31,28,1113220
31,29,5883531
31,30,1367258
31,32,1619462
31,33,1634713
31,34,2146978
31,35,2133932
31,36,1720749
31,37,2383301
31,38,1437759
31,39,1288608
31,40,1019781
31,41,1048333
31,42,15746040
31,43,5749547
31,44,1085545
31,45,1340496
31,46,4235923
31,47,1479493
31,48,1760339
31,49,5411834
31,50,1450769
31,51,3331375
31,52,6420188
31,53,2700286
31,54,1842142
31,55,31335446
31,56,4601736
31,57,1146255
31,58,1063409
31,59,7314191
31,60,1082956
31,61,2311077
31,62,1141741
31,63,2211488
32,0,1033518
32,1,1606234
32,2,1744397
32,3,8219245
32,4,1009243
32,5,19739910
32,6,1165275
32,7,5308913
32,8,1999469
32,9,3810158
32,10,3654494
32,11,3143973
32,12,1132312
32,13,5359818
32,14,3149148
32,15,1370041
32,16,2909687
32,17,1459897
32,18,6331480
32,19,3098252
32,20,1230293
32,21,1636494
32,22,3128565
32,23,17997488
32,24,1161414
32,25,1382518
32,26,1957576
32,27,1148394
32,28,2971892
32,29,22765382
32,30,1059818
32,31,1035424
32,33,3576699
32,34,1027640
32,35,1712807
32,36,1902461
32,37,3694840
32,38,1044855
32,39,1365674
32,40,4399285
32,41,1212147
32,42,1581593
32,43,1762443
32,44,1770205
32,45,1278971
32,46,8174636
32,47,5519356
32,48,1258198
32,49,1582695
32,50,1332582
32,51,1334081
32,52,1747146
32,53,3601045
32,54,1861766
32,55,2142610
32,56,1164169
32,57,1031200
32,58,1750596
32,59,5556275
32,60,3955416
32,61,1215484
32,62,3308027
32,63,1223147
33,0,1074810
33,1,2920579
33,2,2047362
33,3,1354310
33,4,5841562
33,5,1797622
33,6,1653326
33,7,27415448
33,8,1278289
33,9,1545139
33,10,1617144
33,11,2480327
33,12,17130788
33,13,1937359
33,14,1421969
33,15,9128082
33,16,1475245
33,17,1191382
33,18,4466407
33,19,1773759
33,20,2935984
33,21,2850337
33,22,1047461
33,23,4371981
33,24,133331273
33,25,1485202
33,26,1037764
33,27,1021836
33,28,3218201
33,29,7245873
33,30,1163617
33,31,1017735
33,32,3687429
33,34,5680201
33,35,4489297
33,36,2858648
33,37,39636833
33,38,8697530
33,39,4727171
33,40,1041189
33,41,1501647
33,42,1038190
33,43,1109984
33,44,1127663
33,45,2831833
33,46,1571756
33,47,1629398
33,48,1150810
33,49,2722496
33,50,1836731
33,51,1014684
33,52,4759744
33,53,2318858
33,54,5622239
33,55,9043725
33,56,3204657
33,57,3193915
33,58,1303018
33,59,23940513
33,60,3162167
33,61,4644779
33,62,4415852
33,63,3529100
34,0,1683742
34,1,1438204
34,2,1528628
34,3,3566378
34,4,7621515
34,5,1204936
34,6,1273875
34,7,4026069
34,8,1161964
34,9,1338602
34,10,1371637
34,11,3373138
34,12,1180155
34,13,1243268
34,14,2409940
34,15,1309460
34,16,1736207
34,17,1162239
34,18,3212768
34,19,12030091
34,20,2623938
34,21,3505830
34,22,1810946
34,23,13539615
34,24,1240394
34,25,1218536
34,26,1673672
34,27,1440876
34,28,1058033
34,29,1072738
34,30,1060042
34,31,2056259
34,32,2248444
34,33,1585457
34,35,1032042
34,36,2283040
34,37,1556724
34,38,2220894
34,39,1175618
34,40,2997158
34,41,17248830
34,42,3798262
34,43,2750843
34,44,1250683
34,45,5947773
34,46,1459438
34,47,1307664
34,48,4455060
34,49,1213358
34,50,1606804
34,51,2962823
34,52,9706540
34,53,1064763
34,54,1304801
34,55,2284298
34,56,2475793
34,57,1524562
34,58,2180395
34,59,1153238
34,60,8988454
34,61,16352670
34,62,1382925
34,63,18823456
35,0,1132053
35,1,2990219
35,2,1892512
35,3,1330341
35,4,2875436
35,5,1031620
35,6,1142800
35,7,1435986
35,8,6689824
35,9,1828299
35,10,2694797
35,11,1505577
35,12,1758241
35,13,1114721
35,14,4302742
35,15,1424574
35,16,22330714
35,17,3044358
35,18,1337846
35,19,1695877
35,20,1489035
35,21,3466732
35,22,5242706
35,23,1040544
35,24,3912654
35,25,1328107
35,26,1044639
35,27,2581735
35,28,1087673
35,29,3313830
35,30,1846030
35,31,1593247
35,32,2598431
35,33,2680282
35,34,7162467
35,36,4583563
35,37,1666209
35,38,1699104
35,39,1183298
35,40,1249386
35,41,1751981
35,42,1280680
35,43,4753189
35,44,2360021
35,45,1154591
35,46,3296491
35,47,4988112
35,48,4039634
35,49,3450728
35,50,1021424
35,51,1669931
35,52,13075279
35,53,1152157
35,54,3698557
35,55,2871218
35,56,3463518
35,57,1070903
35,58,1094837
35,59,1091003
35,60,1025351
35,61,1158128
35,62,2030791
35,63,1576658
36,0,1160591
36,1,1884311
36,2,2907519
36,3,2390247
36,4,1020396
36,5,1293838
36,6,1189929
36,7,1398167
36,8,2025974
36,9,10811236
36,10,1818445
36,11,1470556
36,12,1570672
36,13,3013489
36,14,1125355
36,15,4512453
36,16,4840022
36,17,2335922
36,18,2377777
36,19,1146789
36,20,1696521
36,21,1039687
36,22,1187613
36,23,1119756
36,24,2112579
36,25,2691152
36,26,1023280
36,27,1254264
36,28,1458979
36,29,1869748
36,30,3008803
36,31,1445354
36,32,2408521
36,33,1241670
36,34,1076428
36,35,1379679
36,37,1429377
36,38,1024729
36,39,1022661
36,40,1183584
36,41,2309785
36,42,1147323
36,43,4701471
36,44,2000402
36,45,1508539
36,46,2201013
36,47,43982917
36,48,1268824
36,49,1415505
36,50,2023097
36,51,1409530
36,52,2281784
36,53,1013469
36,54,6790342
36,55,1733496
36,56,1683108
36,57,3265228
36,58,30452724
36,59,3676377
36,60,1449411
36,61,7065183
36,62,1832121
36,63,1071361
37,0,2207984
37,1,1116980
37,2,3763071
37,3,2278025
37,4,1124843
37,5,1227486
37,6,1134914
37,7,5584331
37,8,1098701
37,9,1253938
37,10,2407104
37,11,1648478
37,12,1337091
37,13,1012863
37,14,2809581
37,15,1049863
37,16,1269830
37,17,1160865
37,18,2014519
37,19,1788136
37,20,3728604
37,21,1389881
37,22,1041834
37,23,5537746
37,24,2805577
37,25,1538383
37,26,24192189
37,27,1912528
37,28,1728103
37,29,1471959
37,30,2427113
37,31,7212250
37,32,37459665
37,33,1435543
37,34,2431449
37,35,1155405
37,36,2811588
37,38,5719595
37,39,2131775
37,40,3164786
37,41,1059595
37,42,1152697
37,43,1356644
37,44,4937626
37,45,1172522
37,46,1312708
37,47,1037124
37,48,1163893
37,49,1714785
37,50,3138818
37,51,1609089
37,52,1835191
37,53,1939969
37,54,2386074
37,55,4151980
37,56,1515502
37,57,213378191
37,58,1409106
37,59,1201070
37,60,13403195
37,61,1260505
37,62,4297518
37,63,1807223
38,0,2102082
38,1,2066247
38,2,1201663
38,3,1191964
38,4,5699821
38,5,1743711
38,6,1905803
38,7,2197546
38,8,2931564
38,9,1510521
38,10,1384147
38,11,1904130
38,12,3542554
38,13,1443111
38,14,1667448
38,15,1496282
38,16,1416363
38,17,1251657
38,18,24713864
38,19,8621816
38,20,7776467
38,21,5872975
38,22,3515761
38,23,1813938
38,24,1971922
38,25,1751288
38,26,2019274
38,27,1685645
38,28,30031957
38,29,2509488
38,30,1710177
38,31,1021218
38,32,5790037
38,33,1894988
38,34,1563663
38,35,1626461
38,36,9975709
38,37,1632346
38,39,1071820
38,40,1615987
38,41,1138053
38,42,1518007
38,43,6433089
38,44,1584903
38,45,1090050
38,46,17867659
38,47,1921862
38,48,1413792
38,49,3802218
38,50,1975545
38,51,1113720
38,52,2202172
38,53,3709761
38,54,5024891
38,55,1082018
38,56,1565812
38,57,1487595
38,58,1118492
38,59,1014481
38,60,1472427
38,61,1117988
38,62,1238168
38,63,1034576
39,0,4916340
39,1,1105292
39,2,2002272
39,3,1649687
39,4,2896736
39,5,4607830
39,6,1699751
39,7,1941714
39,8,1275229
39,9,1586010
39,10,1367655
39,11,4443778
39,12,1068392
39,13,1125611
39,14,8287196
39,15,2122128
39,16,1643661
39,17,1327365
39,18,2078377
39,19,1197233
39,20,4210839
39,21,1903295
39,22,2833876
39,23,3665398
39,24,36150954
39,25,1103575
39,26,1235636
39,27,2987914
39,28,2169127
39,29,3259615
39,30,2671299
39,31,1573386
39,32,1285838
39,33,36792222
39,34,2716905
39,35,1159769
39,36,1143065
39,37,2271790
39,38,5420614
39,40,1379274
39,41,5689992
39,42,1348900
39,43,1627634
39,44,2881789
39,45,5980491
39,46,1022248
39,47,1173083
39,48,2432899
39,49,5154643
39,50,1408681
39,51,3959750
39,52,1643061
39,53,4589603
39,54,2953815
39,55,6319031
39,56,6894325
39,57,5210294
39,58,3822138
39,59,18263627
39,60,1457603
39,61,1578299
39,62,2430002
39,63,11574423
40,0,6647760
40,1,1808710
40,2,1468689
40,3,2593397
40,4,2300792
40,5,1765257
40,6,1992039
40,7,1208830
40,8,2155776
40,9,1989268
40,10,1128950
40,11,1404876
40,12,1753368
40,13,1631165
40,14,1873767
40,15,1299117
40,16,1154863
40,17,1594367
40,18,1968313
40,19,9272687
40,20,1077587
40,21,6127083
40,22,1945214
40,23,1029521
40,24,3786450
40,25,14508952
40,26,2258207
40,27,2127475
40,28,3337270
40,29,1668068
40,30,1054704
40,31,2058248
40,32,1276247
40,33,1107262
40,34,1554074
40,35,1052938
40,36,1854647
40,37,1465436
40,38,2754673
40,39,1087436
40,41,1177032
40,42,1110232
40,43,2525147
40,44,1077123
40,45,1324773
40,46,5275576
40,47,1749214
40,48,3051582
40,49,2687518
40,50,4720717
40,51,5926184
40,52,1018962
40,53,2376400
40,54,1819199
40,55,2076344
40,56,1686916
40,57,1732145
40,58,6150357
40,59,2294417
40,60,4123238
40,61,1050301
40,62,4057882
40,63,1474774
41,0,2046379
41,1,1335584
41,2,1392769
41,3,1015699
41,4,1120009
41,5,2463791
41,6,12191120
41,7,1983754
41,8,2264359
41,9,5473976
41,10,1857803
41,11,2846201
41,12,1724752
41,13,1539418
41,14,1870550
41,15,4113757
41,16,3022912
41,17,2141521
41,18,1016716
41,19,2844139
41,20,1159221
41,21,1270166
41,22,3597544
41,23,1857013
41,24,1520017
41,25,1388238
41,26,1166106
41,27,2660609
41,28,11822673
41,29,1384963
41,30,1509034
41,31,3391400
41,32,3113325
41,33,1329968
41,34,1112721
41,35,2518857
41,36,1355476
41,37,4147159
41,38,1722081
41,39,1370440
41,40,2446031
41,42,1158401
41,43,1114470
41,44,1166938
41,45,12704773
41,46,1244230
41,47,1838273
41,48,1496768
41,49,1179871
41,50,1305158
41,51,5651053
41,52,1063635
41,53,1260835
41,54,1100645
41,55,1340116
41,56,3556124
41,57,1304444
41,58,1046157
41,59,4541778
41,60,2521998
41,61,2981024
41,62,6058431
41,63,12764878
42,0,1922716
42,1,1044423
42,2,1163341
42,3,2978735
42,4,5342728
42,5,1752674
42,6,1394839
42,7,2495579
42,8,1918456
42,9,1133091
42,10,2008845
42,11,1118745
42,12,2322771
42,13,3755349
42,14,1419807
42,15,2206819
42,16,4076317
42,17,1285493
42,18,1527609
42,19,2733755
42,20,14924995
42,21,2117872
42,22,8474747
42,23,2411361
42,24,23694653
42,25,1616565
42,26,2286818
42,27,1179017
42,28,1570130
42,29,1525069
42,30,8108733
42,31,2006022
42,32,1335208
42,33,3721041
42,34,2163541
42,35,1654544
42,36,1291043
42,37,1493374
42,38,1566889
42,39,1067482
42,40,6104005
42,41,1062509
42,43,1088148
42,44,8906957
42,45,1030570
42,46,2048346
42,47,1973732
42,48,1065215
42,49,1519514
42,50,1118240
42,51,1067937
42,52,1015090
42,53,2698454
42,54,1540455
42,55,1486158
42,56,2253314
42,57,67694065
42,58,2549054
42,59,4506639
42,60,1645463
42,61,2089639
42,62,1134653
42,63,1402351
43,0,1381300
43,1,1067028
43,2,1531694
43,3,1021630
43,4,1383739
43,5,1346596
43,6,1740291
43,7,1018144
43,8,1781634
43,9,1084837
43,10,1195177
43,11,1577751
43,12,1442663
43,13,2199856
43,14,2116811
43,15,1268154
43,16,2011678
43,17,14672204
43,18,2028861
43,19,1405297
43,20,1292090
43,21,1702994
43,22,4261345
43,23,1224383
43,24,16900068
43,25,1117484
43,26,1145989
43,27,2222076
43,28,2974169
43,29,1050739
43,30,4500842
43,31,25261552
43,32,1880240
43,33,2090669
43,34,2337246
43,35,1992964
43,36,3482903
43,37,1878617
43,38,1421104
43,39,5202261
43,40,1467293
43,41,1035636
43,42,1170002
43,44,1200774
43,45,1322929
43,46,2031757
43,47,1822221
43,48,2892447
43,49,1938228
43,50,13011845
43,51,1226553
43,52,1220683
43,53,1849153
43,54,1673048
43,55,2094803
43,56,3279355
43,57,6955371
43,58,2384686
43,59,18129459
43,60,1079914
43,61,6819690
43,62,2402865
43,63,5283866
44,0,6924696
44,1,1516503
44,2,1439093
44,3,3838244
44,4,1010246
44,5,1947848
44,6,1491442
44,7,1080381
44,8,1728776
44,9,1230919
44,10,1103085
44,11,2960565
44,12,1210938
44,13,3056420
44,14,2350583
44,15,1491924
44,16,2230390
44,17,1246802
44,18,1178449
44,19,3242906
44,20,1853860
44,21,1072508
44,22,8748843
44,23,1664972
44,24,1860178
44,25,1913372
44,26,1093156
44,27,1490478
44,28,2156882
44,29,1157582
44,30,1010848
44,31,10647738
44,32,10045653
44,33,1602823
44,34,2347902
44,35,3001804
44,36,2187219
44,37,1374439
44,38,1314520
44,39,1273199
44,40,1896643
44,41,1011653
44,42,1796156
44,43,3340226
44,45,1183871
44,46,1891689
44,47,1228420
44,48,1518509
44,49,1171961
44,50,1192255
44,51,1212752
44,52,1262822
44,53,1445803
44,54,1596050
44,55,6472147
44,56,1632937
44,57,1068848
44,58,1452585
44,59,1277267
44,60,1133351
44,61,1970116
44,62,6939995
44,63,3088293
45,0,1549329
45,1,1656984
45,2,38154983
45,3,1806480
45,4,1160042
45,5,1022454
45,6,2015468
45,7,1025974
45,8,1551434
45,9,40427607
45,10,6592592
45,11,1624705
45,12,1688827
45,13,444121743
45,14,4460726
45,15,6035930
45,16,1110977
45,17,14118125
45,18,1126123
45,19,3434890
45,20,1009844
45,21,20409095
45,22,1564737
45,23,2313664
45,24,1033941
45,25,1355865
45,26,1273537
45,27,1157855
45,28,1169164
45,29,1846809
45,30,8264406
45,31,1703644
45,32,1194592
45,33,1446704
45,34,3650875
45,35,1296647
45,36,5501103
45,37,3658120
45,38,1298057
45,39,1076892
45,40,8572159
45,41,1971018
45,42,2938200
45,43,1741657
45,44,1774471
45,46,10374585
45,47,4225849
45,48,1835961
45,49,7001960
45,50,1022867
45,51,1784517
45,52,1935623
45,53,1195471
45,54,1239439
45,55,7583855
45,56,10081040
45,57,1716768
45,58,1399002
45,59,1027431
45,60,1022042
45,61,2511044
45,62,3170038
45,63,1264815
46,0,1130241
46,1,6459068
46,2,1690104
46,3,1889222
46,4,3105768
46,5,4959122
46,6,1328851
46,7,1190510
46,8,3535813
46,9,2914033
46,10,4109035
46,11,1247447
46,12,17014548
46,13,2312369
46,14,1351986
46,15,1695234
46,16,7229018
46,17,1209131
46,18,1164998
46,19,2314960
46,20,1788862
46,21,1885127
46,22,1264150
46,23,1385780
46,24,1610807
46,25,1423705
46,26,1056698
46,27,1110480
46,28,1380894
46,29,5969540
46,30,5465000
46,31,6864251
46,32,4329079
46,33,1532206
46,34,1601690
46,35,1082252
46,36,4003686
46,37,2807577
46,38,2544232
46,39,2933772
46,40,1211240
46,41,1512012
46,42,3416099
46,43,3908435
46,44,1137529
46,45,1439984
46,47,1904966
46,48,1048551
46,49,1284803
46,50,4799506
46,51,1595488
46,52,1706251
46,53,2515725
46,54,1111226
46,55,2296962
46,56,1078052
46,57,1872962
46,58,2123195
46,59,4571536
46,60,1158948
46,61,10299407
46,62,1333331
46,63,2940419
47,0,1235005
47,1,1104310
47,2,2474285
47,3,2860735
47,4,2465284
47,5,1386598
47,6,1758940
47,7,18969516
47,8,1615410
47,9,2877550
47,10,13139413
47,11,1783074
47,12,1325143
47,13,3237379
47,14,1246158
47,15,1532718
47,16,1304087
47,17,1313432
47,18,1276927
47,19,2854486
47,20,1057143
47,21,1047026
47,22,3034784
47,23,6069753
47,24,20068229
47,25,1345448
47,26,6407344
47,27,1299470
47,28,1098217
47,29,14042778
47,30,5107994
47,31,1196057
47,32,1067709
47,33,1422403
47,34,1640666
47,35,1874574
47,36,1230606
47,37,1480916
47,38,1096041
47,39,16676225
47,40,1976454
47,41,2588384
47,42,1167772
47,43,3751502
47,44,2648258
47,45,1656373
47,46,2789690
47,48,4355781
47,49,1277608
47,50,53777376
47,51,1017123
47,52,5234561
47,53,3509133
47,54,1299824
47,55,2655300
47,56,12301198
47,57,5351258
47,58,2772057
47,59,1043990
47,60,2578424
47,61,1381706
47,62,1702344
47,63,1704946
48,0,3774719
48,1,23219563
48,2,1890043
48,3,3519085
48,4,1088860
48,5,1138841
48,6,14590064
48,7,1557787
48,8,10188907
48,9,1251008
48,10,2454875
48,11,2689334
48,12,1395670
48,13,1368052
48,14,2500196
48,15,1890866
48,16,1849936
48,17,4874379
48,18,1932162
48,19,2605178
48,20,11155834
48,21,2289345
48,22,1724083
48,23,1718756
48,24,1680580
48,25,2007903
48,26,1237217
48,27,7437305
48,28,2438716
48,29,3120924
48,30,3095755
48,31,2781822
48,32,1708211
48,33,2364092
48,34,1748524
48,35,5325760
48,36,1020602
48,37,1140685
48,38,1135697
48,39,1587119
48,40,2394436
48,41,3188574
48,42,1091720
48,43,2821669
48,44,1432452
48,45,3379201
48,46,73337002
48,47,1879428
48,49,1111973
48,50,2107316
48,51,1114971
48,52,4104325
48,53,2398642
48,54,1252634
48,55,1361339
48,56,1221606
48,57,1832887
48,58,1026390
48,59,2368179
48,60,1953140
48,61,1092437
48,62,1353534
48,63,8672126
49,0,1266816
49,1,20763271
49,2,1095559
49,3,1418513
49,4,1803517
49,5,44985401
49,6,1210335
49,7,1425880
49,8,1511018
49,9,1383332
49,10,1303374
49,11,1286875
49,12,6849325
49,13,1205533
49,14,1314157
49,15,1980096
49,16,2339900
49,17,14428847
49,18,2055266
49,19,1204042
49,20,12949099
49,21,1220069
49,22,1229981
49,23,1692665
49,24,1053820
49,25,1200182
49,26,1132831
49,27,1202851
49,28,2050318
49,29,1151079
49,30,2083479
49,31,2627381
49,32,1245836
49,33,1154049
49,34,4772916
49,35,2682087
49,36,1064989
49,37,1042049
49,38,2099996
49,39,1701695
49,40,1647874
49,41,1015496
49,42,1997606
49,43,1191091
49,44,2397238
49,45,28844443
49,46,1602256
49,47,2553897
49,48,1637684
49,50,1926139
49,51,2165772
49,52,2484881
49,53,1484247
49,54,1136219
49,55,2204492
49,56,1311262
49,57,2298237
49,58,26443498
49,59,1045722
49,60,1036273
49,61,1091959
49,62,4195949
49,63,2743219
50,0,1628221
50,1,1578847
50,2,1190800
50,3,4477819
50,4,1173364
50,5,1215180
50,6,2835922
50,7,1875381
50,8,5612708
50,9,3615126
50,10,1031831
50,11,1909159
50,12,55364964
50,13,3866800
50,14,1200478
50,15,4313233
50,16,1078749
50,17,6173832
50,18,2550666
50,19,1522538
50,20,1662505
50,21,1021013
50,22,1083426
50,23,1084366
50,24,1123821
50,25,1066801
50,26,1759639
50,27,1076660
50,28,1675550
50,29,2144792
50,30,65221065
50,31,1924425
50,32,1150272
50,33,2231583
50,34,1347747
50,35,16787307
50,36,13750214
50,37,1165552
50,38,1815437
50,39,1747835
50,40,2049332
50,41,1812441
50,42,29624049
50,43,22989949
50,44,1097974
50,45,1821464
50,46,1247124
50,47,1958465
50,48,9839054
50,49,1432012
50,51,2074316
50,52,3185911
50,53,1026598
50,54,1198116
50,55,1315974
50,56,4090267
50,57,2774004
50,58,1031410
50,59,1864152
50,60,1368847
50,61,1073888
50,62,1227797
50,63,3063710
51,0,1508045
51,1,1123311
51,2,1359378
51,3,1558320
51,4,1125099
51,5,1858594
51,6,1563127
51,7,99350796
51,8,1389059
51,9,2108366
51,10,10152664
51,11,9906851
51,12,1245193
51,13,1108745
51,14,1792500
51,15,1240075
51,16,1359770
51,17,4565550
51,18,10728786
51,19,2483361
51,20,1058702
51,21,1357034
51,22,1325513
51,23,1240712
51,24,1378466
51,25,146505538
51,26,1333706
51,27,1504592
51,28,1886763
51,29,1951373
51,30,1251983
51,31,5146802
51,32,1464510
51,33,1264483
51,34,1075965
51,35,3732398
51,36,1096283
51,37,1400674
51,38,1678690
51,39,1634121
51,40,1330714
51,41,1877807
51,42,4345056
51,43,1639472
51,44,2797608
51,45,1050082
51,46,1925282
51,47,7897424
51,48,1238486
51,49,3532453
51,50,1114220
51,52,2370912
51,53,1194007
51,54,2172493
51,55,3115854
51,56,1229356
51,57,1291741
51,58,10607727
51,59,2650014
51,60,16566782
51,61,1396917
51,62,1074118
51,63,1417652
52,0,1108992
52,1,1876189
52,2,1336714
52,3,1106523
52,4,4766320
52,5,1086253
52,6,1224074
52,7,3968450
52,8,2783784
52,9,2380535
52,10,4438161
52,11,1126379
52,12,6775775
52,13,1082721
52,14,1928715
52,15,1057588
52,16,1350441
52,17,2918394
52,18,3151742
52,19,1120262
52,20,3875047
52,21,1382112
52,22,1213055
52,23,1349670
52,24,1352759
52,25,1422836
52,26,1337469
52,27,2316258
52,28,1052717
52,29,4833216
52,30,2354617
52,31,2618791
52,32,1092198
52,33,1438648
52,34,1046808
52,35,7980446
52,36,1629986
52,37,2791665
52,38,1473834
52,39,7659599
52,40,1110729
52,41,1485680
52,42,6879251
52,43,1024314
52,44,1150541
52,45,10489699
52,46,1139104
52,47,3460310
52,48,1252959
52,49,1072049
52,50,1407410
52,51,1516003
52,53,1100888
52,54,1209431
52,55,1778761
52,56,2391641
52,57,2194092
52,58,1023900
52,59,1099915
52,60,2477302
52,61,7856637
52,62,3231873
52,63,1734173
53,0,1048115
53,1,1190219
53,2,2235172
53,3,1239121
53,4,1480441
53,5,1204638
53,6,1764552
53,7,20237047
53,8,1092677
53,9,2308496
53,10,2611965
53,11,1479967
53,12,1170561
53,13,2837971
53,14,1550381
53,15,2608567
53,16,9674036
53,17,1225312
53,18,1212449
53,19,1250358
53,20,80161696
53,21,1027014
53,22,1495796
53,23,1949609
53,24,4017082
53,25,1826775
53,26,1620624
53,27,3669050
53,28,1323666
53,29,1175336
53,30,1559918
53,31,1574475
53,32,1596612
53,33,2290610
53,34,1171120
53,35,1141477
53,36,1100158
53,37,1484724
53,38,2787718
53,39,1658820
53,40,1054261
53,41,1172241
53,42,1481391
53,43,1136481
53,44,1796889
53,45,3290757
53,46,2600114
53,47,8880159
53,48,1194884
53,49,5077419
53,50,15554888
53,51,1428501
53,52,1138316
53,54,1174208
53,55,33818164
53,56,1139367
53,57,2071282
53,58,1177882
53,59,1231232
53,60,9453180
53,61,7473342
53,62,1556194
53,63,1061386
54,0,2330641
54,1,5456058
54,2,1740974
54,3,1721415
54,4,1326253
54,5,7113451
54,6,4377411
54,7,2135012
54,8,1148930
54,9,1062959
54,10,1460817
54,11,1668688
54,12,1241989
54,13,1631755
54,14,1344301
54,15,1066121
54,16,1206430
54,17,1583246
54,18,3846355
54,19,2453396
54,20,1064537
54,21,15099048
54,22,3110802
54,23,3325503
54,24,7602633
54,25,9805545
54,26,3412989
54,27,1102596
54,28,2752756
54,29,1062734
54,30,1390293
54,31,2095839
54,32,2205655
54,33,4339715
54,34,1855435
54,35,1050520
54,36,1611955
54,37,1011251
54,38,6909473
54,39,4323782
54,40,4410314
54,41,3245677
54,42,4483550
54,43,3702283
54,44,1522033
54,45,1824495
54,46,1085073
54,47,1290695
54,48,7033412
54,49,2006962
54,50,1292439
54,51,15187801
54,52,6138695
54,53,1177598
54,55,1149735
54,56,1592129
54,57,19902546
54,58,1678061
54,59,2353271
54,60,1156765
54,61,1479020
54,62,1181296
54,63,2233974
55,0,2263125
55,1,1411657
55,2,1714125
55,3,1109240
55,4,1322193
55,5,1096524
55,6,1237851
55,7,1502628
55,8,2890309
55,9,2241183
55,10,1635900
55,11,2424232
55,12,1106030
55,13,2711340
55,14,1934757
55,15,1265815
55,16,2164656
55,17,1770915
55,18,2444564
55,19,2469775
55,20,8774755
55,21,3226389
55,22,2033693
55,23,2404276
55,24,1172802
55,25,1802778
55,26,2929360
55,27,1036699
55,28,1182439
55,29,3220925
55,30,3736202
55,31,1029102
55,32,1780196
55,33,1735529
55,34,4062473
55,35,2037578
55,36,4740140
55,37,1162514
55,38,1561521
55,39,2110470
55,40,2428556
55,41,1377255
55,42,2358667
55,43,1357424
55,44,1352372
55,45,2338572
55,46,14839648
55,47,2226818
55,48,1142005
55,49,1063184
55,50,7419432
55,51,1089573
55,52,2613668
55,53,1043774
55,54,1400256
55,56,1128692
55,57,6356542
55,58,57062048
55,59,1498716
55,60,1547231
55,61,11623131
55,62,2720629
55,63,3240140
56,0,2507934
56,1,1830590
56,2,2531473
56,3,1915063
56,4,3990390
56,5,1441769
56,6,1342395
56,7,6970823
56,8,11772068
56,9,1649082
56,10,1023487
56,11,2568550
56,12,1171400
56,13,1523044
56,14,1117736
56,15,1536318
56,16,1698457
56,17,3367100
56,18,4779532
56,19,4382857
56,20,1363305
56,21,1189059
56,22,2901038
56,23,1579395
56,24,2087581
56,25,1042911
56,26,4281931
56,27,7546611
56,28,1059148
56,29,1403192
56,30,1029312
56,31,1515003
56,32,1285148
56,33,1089811
56,34,9015994
56,35,184418732
56,36,5226444
56,37,2703959
56,38,1500669
56,39,2325388
56,40,2138261
56,41,2665942
56,42,1605664
56,43,2039526
56,44,1106276
56,45,3479655
56,46,2255758
56,47,9641776
56,48,2636034
56,49,2276774
56,50,1010045
56,51,1361731
56,52,3025278
56,53,1317067
56,54,1622953
56,55,3027648
56,57,8827103
56,58,1278630
56,59,10412640
56,60,2247230
56,61,1232487
56,62,3818136
56,63,1102841
57,0,1144392
57,1,1962034
57,2,1610234
57,3,1311623
57,4,1414220
57,5,1531182
57,6,2958311
57,7,1617722
57,8,2748932
57,9,1243909
57,10,10769834
57,11,2096877
57,12,2160206
57,13,1251332
57,14,8961102
57,15,4071690
57,16,2641257
57,17,14194388
57,18,1475715
57,19,3131121
57,20,4746655
57,21,1700398
57,22,1776613
57,23,5292186
57,24,2501739
57,25,2243597
57,26,7796336
57,27,5769712
57,28,1167216
57,29,20584469
57,30,21321317
57,31,2603488
57,32,1486636
57,33,1943462
57,34,1295592
57,35,1377658
57,36,1166661
57,37,1287914
57,38,1845251
57,39,4595660
57,40,2840023
57,41,1614833
57,42,1914217
57,43,773260866
57,44,1038618
57,45,1053378
57,46,1170840
57,47,1234059
57,48,2326699
57,49,2514162
57,50,1122547
57,51,2827758
57,52,6233411
57,53,48328804
57,54,1946969
57,55,1454861
57,56,1793960
57,58,2198701
57,59,3133682
57,60,11431011
57,61,1286184
57,62,3661755
57,63,1995746
58,0,2976450
58,1,1089336
58,2,1205235
58,3,1385371
58,4,1052277
58,5,32773540
58,6,1134132
58,7,1534259
58,8,1064086
58,9,2471276
58,10,1145722
58,11,1697166
58,12,5936957
58,13,4030579
58,14,1994818
58,15,6269784
58,16,1545661
58,17,1281708
58,18,1058479
58,19,1261828
58,20,1164445
58,21,1476186
58,22,9941146
58,23,1028684
58,24,1954912
58,25,1372836
58,26,1564200
58,27,2085528
58,28,1119503
58,29,1321091
58,30,5670447
58,31,3938185
58,32,1964719
58,33,1136743
58,34,11111410
58,35,2947100
58,36,3904226
58,37,1336337
58,38,1388648
58,39,1179302
58,40,2799596
58,41,3302248
58,42,1012056
58,43,2520426
58,44,2702121
58,45,2412783
58,46,1627047
58,47,1025558
58,48,2764300
58,49,21712540
58,50,3933904
58,51,1906641
58,52,1950490
58,53,1432893
58,54,1052497
58,55,2632565
58,56,1111724
58,57,1154320
58,59,6282015
58,60,1099672
58,61,1360554
58,62,1900795
58,63,1013267
59,0,1908319
59,1,1933026
59,2,1222222
59,3,3215482
59,4,1441322
59,5,1127149
59,6,2213831
59,7,1308382
59,8,1084602
59,9,4432560
59,10,1457145
59,11,2151367
59,12,1095318
59,13,1188480
59,14,1122293
59,15,1575020
59,16,1553017
59,17,1052057
59,18,1325883
59,19,1598301
59,20,7816320
59,21,1704295
59,22,1871353
59,23,1071132
59,24,3183253
59,25,2575123
59,26,1081082
59,27,1134392
59,28,1557256
59,29,1362518
59,30,1959356
59,31,1472896
59,32,5039774
59,33,3004133
59,34,1236268
59,35,1431133
59,36,1817692
59,37,1464047
59,38,1554603
59,39,1546184
59,40,1584351
59,41,2625658
59,42,6024750
59,43,2175872
59,44,1655153
59,45,1406142
59,46,2362733
59,47,1320357
59,48,2498655
59,49,2466779
59,50,3672709
59,51,1420239
59,52,1548804
59,53,4318501
59,54,1279312
59,55,6834472
59,56,1940841
59,57,1458061
59,58,1500180
59,60,1588785
59,61,5186279
59,62,1895815
59,63,2415634
60,0,7366388
60,1,1444456
60,2,2191796
60,3,3370116
60,4,4909290
60,5,1816188
60,6,2179262
60,7,1207329
60,8,1488554
60,9,2447500
60,10,1926997
60,11,1202257
60,12,1791771
60,13,2596751
60,14,1901627
60,15,3770827
60,16,2209151
60,17,2615373
60,18,2803580
60,19,1567968
60,20,2170248
60,21,1080848
60,22,1921009
60,23,1069760
60,24,34940816
60,25,1542532
60,26,1394010
60,27,3256817
60,28,1625290
60,29,1427189
60,30,3647264
60,31,2379155
60,32,1778045
60,33,2898885
60,34,1258856
60,35,1929576
60,36,1041403
60,37,1130758
60,38,1159495
60,39,1358205
60,40,1205832
60,41,122553588
60,42,2731871
60,43,1142270
60,44,1856224
60,45,9156596
60,46,1075734
60,47,6746849
60,48,5641411
60,49,1684375
60,50,5574943
60,51,2293146
60,52,5178329
60,53,2150268
60,54,2149170
60,55,1440430
60,56,2443099
60,57,1455317
60,58,4524132
60,59,1436872
60,61,1451676
60,62,2517290
60,63,1829825
61,0,1293138
61,1,1756149
61,2,1148126
61,3,1015293
61,4,1329223
61,5,1559385
61,6,6661715
61,7,6986352
61,8,1090526
61,9,3766944
61,10,2705800
61,11,2565277
61,12,11672304
61,13,1086726
61,14,1987426
61,15,1966514
61,16,1095078
61,17,5759610
61,18,2547445
61,19,1208229
61,20,3316739
61,21,26136460
61,22,1245514
61,23,1316702
61,24,2481843
61,25,9392143
61,26,1597174
61,27,1150003
61,28,1577204
61,29,1065441
61,30,2512602
61,31,3093264
61,32,1474304
61,33,1521025
61,34,1593807
61,35,2472780
61,36,1024521
61,37,1275568
61,38,28109531
61,39,1410380
61,40,2903195
61,41,46040804
61,42,1310901
61,43,1923570
61,44,3925373
61,45,2862825
61,46,6013616
61,47,1802039
61,48,1981923
61,49,9214230
61,50,1233115
61,51,1112222
61,52,1625875
61,53,1298763
61,54,1848371
61,55,1287221
61,56,2188361
61,57,1433775
61,58,1017939
61,59,9484035
61,60,1453039
61,62,1107756
61,63,1621205
62,0,1120769
62,1,1732820
62,2,1343157
62,3,1603390
62,4,1294189
62,5,1707557
62,6,4547695
62,7,1790315
62,8,1141213
62,9,7195569
62,10,2768172
62,11,2295689
62,12,1019166
62,13,1225622
62,14,1107016
62,15,3037171
62,16,11925368
62,17,12136907
62,18,1185595
62,19,3525755
62,20,1144657
62,21,2487927
62,22,1201367
62,23,11337601
62,24,27082633
62,25,8001510
62,26,3476414
62,27,1544095
62,28,1038404
62,29,2758515
62,30,2051305
62,31,5123438
62,32,1780915
62,33,1444905
62,34,1229044
62,35,1050959
62,36,1607946
62,37,1715445
62,38,2388854
62,39,1129466
62,40,11023746
62,41,3743834
62,42,2275526
62,43,10116710
62,44,3916884
62,45,3618665
62,46,2223259
62,47,1638875
62,48,1233744
62,49,2595073
62,50,1088623
62,51,1866546
62,52,1311985
62,53,1047244
62,54,2490981
62,55,1591012
62,56,1535802
62,57,1364094
62,58,1042695
62,59,1249710
62,60,2709490
62,61,1038831
62,63,1286529
63,0,1040330
63,1,1498228
63,2,1529648
63,3,5054756
63,4,3177952
63,5,1346213
63,6,3018193
63,7,3123466
63,8,1176749
63,9,2280529
63,10,2747025
63,11,3270862
63,12,5915456
63,13,3328436
63,14,2777907
63,15,2139346
63,16,1466364
63,17,1046591
63,18,10688089
63,19,3495963
63,20,1318527
63,21,1253285
63,22,1745770
63,23,2239978
63,24,2760440
63,25,1862560
63,26,1020807
63,27,3199276
63,28,1793230
63,29,1956687
63,30,1710834
63,31,1028266
63,32,1139894
63,33,1882680
63,34,1630575
63,35,1651504
63,36,1182153
63,37,1933891
63,38,1572843
63,39,1833654
63,40,1599993
63,41,1482341
63,42,1653935
63,43,1127406
63,44,3287898
63,45,1014279
63,46,2178131
63,47,1295241
63,48,1033730
63,49,1831355
63,50,6381829
63,51,1267819
63,52,1213965
63,53,1718093
63,54,1135175
63,55,1375242
63,56,3388341
63,57,1604526
63,58,1056476
63,59,6162070
63,60,2969619
63,61,2189505
63,62,3977194
