dataset_id,dataset_label,ep_size,experts_per_gpu,files_used,calibration_requests,evaluation_requests,source_policy,block_size,expert_placement,local_bytes_excluded,remote_bytes,network_mode,degree,per_gpu_bandwidth_tbps,per_link_bandwidth_gbps,routing,reconfigurations,completion_time_ms,max_link_load_bytes,message_count,improvement_over_en_ideal,improvement_over_son_ring,improvement_over_son_torus_ecmp,median_link_load_bytes,average_link_load_bytes,average_hop_count,max_hop_count,candidate_pool_size,selection_objective,candidate_index,reconfig_us_per_request,exposed_reconfiguration_time_ms
qwen_mmlu_ml,Qwen MMLU ML,16,8.0,112,12,100,block_by_token,16,block,1465212928,44036341760,EN ideal Clos,,0.4,400,ideal_ECMP,0,314.5585459200064,2387968,746386,0.0,-0.564898550039515,-1.071194048930953,,,,,,,,,
qwen_mmlu_ml,Qwen MMLU ML,16,8.0,112,12,100,block_by_token,16,block,1465212928,44036341760,EN ECMP-imbalance 1.3x,,0.4,400,ideal_ECMP_times_1.3,0,408.92610969601225,2387968,746386,-0.3000000000000125,-1.034368115051389,-1.6925522636102646,,,,,,,,,
qwen_mmlu_ml,Qwen MMLU ML,16,8.0,112,12,100,block_by_token,16,block,1465212928,44036341760,SON ring,2,1.6,800,deterministic_shortest_path,0,201.008906240001,3768320,,0.3609809402821996,0.0,-0.3235324736409613,542311.7072340426,556031.684851131,4.265302589098916,8,,,,,
qwen_mmlu_ml,Qwen MMLU ML,16,8.0,112,12,100,block_by_token,16,block,1465212928,44036341760,SON torus deterministic,4,1.6,400,deterministic_shortest_path,0,224.1432780800001,2990080,,0.28743542025082763,-0.1150912776589962,-0.47585951705547125,158255.49617021278,198265.23496526713,2.130268027501069,4,,,,,
qwen_mmlu_ml,Qwen MMLU ML,16,8.0,112,12,100,block_by_token,16,block,1465212928,44036341760,SON torus ECMP,4,1.6,400,equal_cost_shortest_path_split,0,151.87304448000216,1257472,,0.5171867162730841,0.2444461923559323,0.0,106818.77787234042,138509.01048398355,2.130268027501069,4,,,,,
qwen_mmlu_ml,Qwen MMLU ML,16,8.0,112,12,100,block_by_token,16,block,1465212928,44036341760,RON calibrated,4,1.6,400,deterministic_shortest_path_on_selected_graph,1,175.57569536000113,1548288,,0.4418346039638332,0.12652778106077092,-0.1560688465892972,117033.39574468085,149061.898379665,1.9154835038705575,3,22,minimize_calibration_aggregate_max_link_load,12,,
qwen_mmlu_ml,Qwen MMLU ML,16,8.0,112,12,100,block_by_token,16,block,1465212928,44036341760,RON W=4 0us,4,1.6,400,deterministic_shortest_path_on_selected_graph,100,174.32346624,2367488,,0.4458155135154675,0.13275750064596187,-0.1478236104166199,118359.80255319149,149733.25949828138,1.9303403574478253,4,22,previous_4_requests_minimize_max_link_load,,0,0.0
qwen_mmlu_ml,Qwen MMLU ML,16,8.0,112,12,100,block_by_token,16,block,1465212928,44036341760,RON W=4 1us,4,1.6,400,deterministic_shortest_path_on_selected_graph,100,174.42346623999998,2367488,,0.4454976076715569,0.13226001025177705,-0.14848205510864793,118359.80255319149,149733.25949828138,1.9292336598233257,4,22,previous_4_requests_minimize_max_link_load,,1,0.1
qwen_mmlu_ml,Qwen MMLU ML,16,8.0,112,12,100,block_by_token,16,block,1465212928,44036341760,RON W=4 10us,4,1.6,400,deterministic_shortest_path_on_selected_graph,100,175.32346624,2367488,,0.4426364550763612,0.12778259670411354,-0.15440805733690055,118359.80255319149,149733.25949828138,1.9193301920726702,4,22,previous_4_requests_minimize_max_link_load,,10,1.0
qwen_mmlu_ml,Qwen MMLU ML,16,8.0,112,12,100,block_by_token,16,block,1465212928,44036341760,RON oracle,4,1.6,400,deterministic_shortest_path_on_selected_graph,0,155.05440768000003,1417216,,0.5070729767442687,0.22861921603181176,-0.020947517124520185,122269.73957446808,146585.58743722178,1.9202390738927555,4,22,true_current_request_minimize_max_link_load,,,0.0
qwen_mmlu_ml,Qwen MMLU ML,32,4.0,112,12,100,block_by_token,16,block,734199808,45498368000,EN ideal Clos,,0.4,400,ideal_ECMP,0,313.90810112001463,1531904,1182714,0.0,-0.44449516746958984,-0.559403355828488,,,,,,,,,
qwen_mmlu_ml,Qwen MMLU ML,32,4.0,112,12,100,block_by_token,16,block,734199808,45498368000,EN ECMP-imbalance 1.3x,,0.4,400,ideal_ECMP_times_1.3,0,408.08053145604174,1531904,1182714,-0.3000000000000724,-0.8778437177105713,-1.0272243625771473,,,,,,,,,
qwen_mmlu_ml,Qwen MMLU ML,32,4.0,112,12,100,block_by_token,16,block,734199808,45498368000,SON ring,2,1.6,800,deterministic_shortest_path,0,217.31336192000322,4628480,,0.30771661787435334,0.0,-0.0795490292710289,542653.7668085106,557153.6055126879,8.254865804910795,16,,,,,
qwen_mmlu_ml,Qwen MMLU ML,32,4.0,112,12,100,block_by_token,16,block,734199808,45498368000,SON torus deterministic,4,1.6,400,deterministic_shortest_path,0,245.73722623999961,2785280,,0.2171682560494087,-0.13079667107842044,-0.22075044856561973,119303.62553191489,176686.08431270623,3.099432152477336,6,,,,,
qwen_mmlu_ml,Qwen MMLU ML,32,4.0,112,12,100,block_by_token,16,block,734199808,45498368000,SON torus ECMP,4,1.6,400,equal_cost_shortest_path_split,0,201.300131840001,1810432,,0.3587290958029812,0.073687277848552,0.0,67477.24255319149,106008.99126967364,3.099432152477336,6,,,,,
qwen_mmlu_ml,Qwen MMLU ML,32,4.0,112,12,100,block_by_token,16,block,734199808,45498368000,RON calibrated,4,1.6,400,deterministic_shortest_path_on_selected_graph,1,167.6804096000024,1867776,,0.4658296201922672,0.22839346776233463,0.16701291714364347,79366.97191489361,110463.46627391751,2.584805716137957,5,22,minimize_calibration_aggregate_max_link_load,9,,
qwen_mmlu_ml,Qwen MMLU ML,32,4.0,112,12,100,block_by_token,16,block,734199808,45498368000,RON W=4 0us,4,1.6,400,deterministic_shortest_path_on_selected_graph,100,166.1411328,1458176,,0.47073321074794355,0.2354766806232586,0.17465959271177403,77726.61106382978,109025.63607757703,2.5390920651363555,5,22,previous_4_requests_minimize_max_link_load,,0,0.0
qwen_mmlu_ml,Qwen MMLU ML,32,4.0,112,12,100,block_by_token,16,block,734199808,45498368000,RON W=4 1us,4,1.6,400,deterministic_shortest_path_on_selected_graph,100,166.2411328,1458176,,0.47041464617556333,0.23501651563792833,0.1741628220485562,77726.61106382978,109025.63607757703,2.53756471024989,5,22,previous_4_requests_minimize_max_link_load,,1,0.1
qwen_mmlu_ml,Qwen MMLU ML,32,4.0,112,12,100,block_by_token,16,block,734199808,45498368000,RON W=4 10us,4,1.6,400,deterministic_shortest_path_on_selected_graph,100,167.1411328,1458176,,0.46754756502414085,0.23087503076995544,0.16969188607959543,77726.61106382978,109025.63607757703,2.523900759306362,5,22,previous_4_requests_minimize_max_link_load,,10,1.0
qwen_mmlu_ml,Qwen MMLU ML,32,4.0,112,12,100,block_by_token,16,block,734199808,45498368000,RON oracle,4,1.6,400,deterministic_shortest_path_on_selected_graph,0,142.11973120000002,1286144,,0.5472568860347309,0.34601475977203494,0.2939908687543197,80522.13106382979,105513.66436153426,2.5042926342067493,4,22,true_current_request_minimize_max_link_load,,,0.0
qwen_mmlu_ml,Qwen MMLU ML,64,2.0,112,12,100,block_by_token,16,block,368410624,46229946368,EN ideal Clos,,0.4,400,ideal_ECMP,0,315.6292403200292,1179648,1572630,0.0,-0.38939230025830046,-0.7455655186912786,,,,,,,,,
qwen_mmlu_ml,Qwen MMLU ML,64,2.0,112,12,100,block_by_token,16,block,368410624,46229946368,EN ECMP-imbalance 1.3x,,0.4,400,ideal_ECMP_times_1.3,0,410.3180124160793,1179648,1572630,-0.30000000000013083,-0.8062099903359724,-1.2692351742988905,,,,,,,,,
qwen_mmlu_ml,Qwen MMLU ML,64,2.0,112,12,100,block_by_token,16,block,368410624,46229946368,SON ring,2,1.6,800,deterministic_shortest_path,0,227.17071360000406,4710400,,0.28026087389854465,0.0,-0.2563518009756945,544861.4672340426,559891.2134793353,16.2328378873373,32,,,,,
qwen_mmlu_ml,Qwen MMLU ML,64,2.0,112,12,100,block_by_token,16,block,368410624,46229946368,SON torus deterministic,4,1.6,400,deterministic_shortest_path,0,213.84609791999927,2990080,,0.3224769108743788,0.05865463672164368,-0.18266094249488232,82632.00680851063,124785.57644907899,4.069314008125583,8,,,,,
qwen_mmlu_ml,Qwen MMLU ML,64,2.0,112,12,100,block_by_token,16,block,368410624,46229946368,SON torus ECMP,4,1.6,400,equal_cost_shortest_path_split,0,180.81775616000326,1546240,,0.4271197561522981,0.20404460022790533,0.0,41953.28,73353.56784179936,4.069314008125583,8,,,,,
qwen_mmlu_ml,Qwen MMLU ML,64,2.0,112,12,100,block_by_token,16,block,368410624,46229946368,RON calibrated,4,1.6,400,deterministic_shortest_path_on_selected_graph,1,148.30829567999868,1253376,,0.5301186432232232,0.3471504608594229,0.17979130573458385,49257.88595744681,76360.65064454492,3.0826779056716793,5,22,minimize_calibration_aggregate_max_link_load,13,,
qwen_mmlu_ml,Qwen MMLU ML,64,2.0,112,12,100,block_by_token,16,block,368410624,46229946368,RON W=4 0us,4,1.6,400,deterministic_shortest_path_on_selected_graph,100,152.1098752,1425408,,0.5180741966562741,0.3304159995384313,0.15876693511559797,49904.74893617021,77534.53416538602,3.138597466732683,6,22,previous_4_requests_minimize_max_link_load,,0,0.0
qwen_mmlu_ml,Qwen MMLU ML,64,2.0,112,12,100,block_by_token,16,block,368410624,46229946368,RON W=4 1us,4,1.6,400,deterministic_shortest_path_on_selected_graph,100,152.2098752,1425408,,0.51775736922958,0.32997580195127196,0.15821389208418513,49904.74893617021,77534.53416538602,3.136535447128102,6,22,previous_4_requests_minimize_max_link_load,,1,0.1
qwen_mmlu_ml,Qwen MMLU ML,64,2.0,112,12,100,block_by_token,16,block,368410624,46229946368,RON W=4 10us,4,1.6,400,deterministic_shortest_path_on_selected_graph,100,153.1098752,1425408,,0.5149059223893334,0.32601402366683735,0.15323650480146933,49904.74893617021,77534.53416538602,3.1180984789134265,6,22,previous_4_requests_minimize_max_link_load,,10,1.0
qwen_mmlu_ml,Qwen MMLU ML,64,2.0,112,12,100,block_by_token,16,block,368410624,46229946368,RON oracle,4,1.6,400,deterministic_shortest_path_on_selected_graph,0,137.79582976,1220608,,0.5634250184796464,0.3934260821902109,0.2379297659347886,50673.40255319149,75836.48451706184,3.1129682094900466,6,22,true_current_request_minimize_max_link_load,,,0.0
qwen_livecode,Qwen LiveCodeBench,16,8.0,479,48,431,block_by_token,16,block,20144185344,604592947200,EN ideal Clos,,0.4,400,ideal_ECMP,0,2363.492597760044,3678208,8771998,0.0,-0.000594539414055433,-0.6502665939398063,,,,,,,,,
qwen_livecode,Qwen LiveCodeBench,16,8.0,479,48,431,block_by_token,16,block,20144185344,604592947200,EN ECMP-imbalance 1.3x,,0.4,400,ideal_ECMP_times_1.3,0,3072.540377088145,3678208,8771998,-0.30000000000003696,-0.3007729012383091,-1.1453465721218092,,,,,,,,,
qwen_livecode,Qwen LiveCodeBench,16,8.0,479,48,431,block_by_token,16,block,20144185344,604592947200,SON ring,2,1.6,800,deterministic_shortest_path,0,2362.088243199985,5693440,,0.0005941861469717726,0.0,-0.649286028390877,1782973.5641012983,1818939.1686113048,4.263876880648431,8,,,,,
qwen_livecode,Qwen LiveCodeBench,16,8.0,479,48,431,block_by_token,16,block,20144185344,604592947200,SON torus deterministic,4,1.6,400,deterministic_shortest_path,0,2598.875299839934,4268032,,-0.0995910468697763,-0.10024479708648286,-0.8146183716444917,428278.58498296887,510371.283317506,2.1320102347245515,4,,,,,
qwen_livecode,Qwen LiveCodeBench,16,8.0,479,48,431,block_by_token,16,block,20144185344,604592947200,SON torus ECMP,4,1.6,400,equal_cost_shortest_path_split,0,1432.1883545600347,1832960,,0.39403730059600595,0.3936770318877629,0.0,426810.0445278175,454729.9312015092,2.1320102347245515,4,,,,,
qwen_livecode,Qwen LiveCodeBench,16,8.0,479,48,431,block_by_token,16,block,20144185344,604592947200,RON calibrated,4,1.6,400,deterministic_shortest_path_on_selected_graph,1,1624.8945049600552,2580480,,0.3125028161712804,0.3120940719984421,-0.1345536359002301,397311.949449573,427631.2039711202,1.9748197193949788,3,22,minimize_calibration_aggregate_max_link_load,7,,
qwen_livecode,Qwen LiveCodeBench,16,8.0,479,48,431,block_by_token,16,block,20144185344,604592947200,RON W=4 0us,4,1.6,400,deterministic_shortest_path_on_selected_graph,431,1657.76523264,2564096,,0.2985951239233345,0.29817811107929626,-0.15750503581581077,376704.5118230735,416490.5355165084,1.9244406330565154,3,22,previous_4_requests_minimize_max_link_load,,0,0.0
qwen_livecode,Qwen LiveCodeBench,16,8.0,479,48,431,block_by_token,16,block,20144185344,604592947200,RON W=4 1us,4,1.6,400,deterministic_shortest_path_on_selected_graph,431,1658.19623264,2564096,,0.2984127666777867,0.2979956454151786,-0.1578059738863011,376704.5118230735,416490.5355165084,1.923940430549405,3,22,previous_4_requests_minimize_max_link_load,,1,0.431
qwen_livecode,Qwen LiveCodeBench,16,8.0,479,48,431,block_by_token,16,block,20144185344,604592947200,RON W=4 10us,4,1.6,400,deterministic_shortest_path_on_selected_graph,431,1662.07523264,2564096,,0.2967715514678571,0.29635345443811967,-0.1605144165207139,376704.5118230735,416490.5355165084,1.9194502818584538,3,22,previous_4_requests_minimize_max_link_load,,10,4.31
qwen_livecode,Qwen LiveCodeBench,16,8.0,479,48,431,block_by_token,16,block,20144185344,604592947200,RON oracle,4,1.6,400,deterministic_shortest_path_on_selected_graph,0,1505.15941376,2588672,,0.3631630514999342,0.36278442683372414,-0.05095074189622349,393253.76116897864,416150.22083082056,1.9259542880194138,4,22,true_current_request_minimize_max_link_load,,,0.0
qwen_livecode,Qwen LiveCodeBench,32,4.0,479,48,431,block_by_token,16,block,10098122752,624685072384,EN ideal Clos,,0.4,400,ideal_ECMP,0,1945.8778726394407,3309568,14559996,0.0,0.3035954877440219,0.01713365185269908,,,,,,,,,
qwen_livecode,Qwen LiveCodeBench,32,4.0,479,48,431,block_by_token,16,block,10098122752,624685072384,EN ECMP-imbalance 1.3x,,0.4,400,ideal_ECMP_times_1.3,0,2529.6412344332066,3309568,14559996,-0.3000000000009937,0.09467413406653641,-0.27772625259246786,,,,,,,,,
qwen_livecode,Qwen LiveCodeBench,32,4.0,479,48,431,block_by_token,16,block,10098122752,624685072384,SON ring,2,1.6,800,deterministic_shortest_path,0,2794.1775769600304,7495680,,-0.4359470428480351,0.0,-0.4113440261369641,1781504.315940169,1819496.8358793072,8.253799073435452,16,,,,,
qwen_livecode,Qwen LiveCodeBench,32,4.0,479,48,431,block_by_token,16,block,10098122752,624685072384,SON torus deterministic,4,1.6,400,deterministic_shortest_path,0,2457.7928396799894,4235264,,-0.263076616594737,0.12038774487841108,-0.2414355015827177,349994.72774843266,457227.0309055203,3.096846221780953,6,,,,,
qwen_livecode,Qwen LiveCodeBench,32,4.0,479,48,431,block_by_token,16,block,10098122752,624685072384,SON torus ECMP,4,1.6,400,equal_cost_shortest_path_split,0,1979.799060480006,2306048,,-0.01743233134901398,0.2914555335334272,0.0,251354.769610505,341309.1374698549,3.096846221780953,6,,,,,
qwen_livecode,Qwen LiveCodeBench,32,4.0,479,48,431,block_by_token,16,block,10098122752,624685072384,RON calibrated,4,1.6,400,deterministic_shortest_path_on_selected_graph,1,1410.5151078400215,2277376,,0.2751266008658801,0.49519489402867023,0.28754632932392665,239089.61840351485,280301.6809490621,2.4721940742729793,4,22,minimize_calibration_aggregate_max_link_load,18,,
qwen_livecode,Qwen LiveCodeBench,32,4.0,479,48,431,block_by_token,16,block,10098122752,624685072384,RON W=4 0us,4,1.6,400,deterministic_shortest_path_on_selected_graph,431,1425.67211008,2293760,,0.26733731334013255,0.48977039904848046,0.2798905007388259,239480.37320432442,282204.53388822544,2.488571416034396,4,22,previous_4_requests_minimize_max_link_load,,0,0.0
qwen_livecode,Qwen LiveCodeBench,32,4.0,479,48,431,block_by_token,16,block,10098122752,624685072384,RON W=4 1us,4,1.6,400,deterministic_shortest_path_on_selected_graph,431,1426.10311008,2293760,,0.26711581948069757,0.48961614972533296,0.279672801878066,239480.37320432442,282204.53388822544,2.4878193145399603,4,22,previous_4_requests_minimize_max_link_load,,1,0.431
qwen_livecode,Qwen LiveCodeBench,32,4.0,479,48,431,block_by_token,16,block,10098122752,624685072384,RON W=4 10us,4,1.6,400,deterministic_shortest_path_on_selected_graph,431,1429.98211008,2293760,,0.265122374745783,0.48822790581700554,0.27771351213122697,239480.37320432442,282204.53388822544,2.481070802755739,4,22,previous_4_requests_minimize_max_link_load,,10,4.31
qwen_livecode,Qwen LiveCodeBench,32,4.0,479,48,431,block_by_token,16,block,10098122752,624685072384,RON oracle,4,1.6,400,deterministic_shortest_path_on_selected_graph,0,1286.85801472,2531328,,0.3386748301040746,0.5394501676160262,0.3500057453264985,254163.30078491385,285276.8445926192,2.525627098239774,5,22,true_current_request_minimize_max_link_load,,,0.0
qwen_livecode,Qwen LiveCodeBench,64,2.0,479,48,431,block_by_token,16,block,5016821760,634847674368,EN ideal Clos,,0.4,400,ideal_ECMP,0,1749.4808985581483,2752512,20039360,0.0,0.4249479009724832,-0.008610322184164432,,,,,,,,,
qwen_livecode,Qwen LiveCodeBench,64,2.0,479,48,431,block_by_token,16,block,5016821760,634847674368,EN ECMP-imbalance 1.3x,,0.4,400,ideal_ECMP_times_1.3,0,2274.3251681306833,2752512,20039360,-0.3000000000029098,0.2524322712625549,-0.3111934188423486,,,,,,,,,
qwen_livecode,Qwen LiveCodeBench,64,2.0,479,48,431,block_by_token,16,block,5016821760,634847674368,SON ring,2,1.6,800,deterministic_shortest_path,0,3042.299822080006,8790016,,-0.7389728716600147,0.0,-0.753945988354529,1780076.0641753469,1819085.1355713313,16.23807369319432,32,,,,,
qwen_livecode,Qwen LiveCodeBench,64,2.0,479,48,431,block_by_token,16,block,5016821760,634847674368,SON torus deterministic,4,1.6,400,deterministic_shortest_path,0,2056.409415680038,4038656,,-0.17543976466096187,0.3240608960513035,-0.18556067974277116,237805.2837043985,317696.908754384,4.061234496590449,8,,,,,
qwen_livecode,Qwen LiveCodeBench,64,2.0,479,48,431,block_by_token,16,block,5016821760,634847674368,SON torus ECMP,4,1.6,400,equal_cost_shortest_path_split,0,1734.5458995200593,2054144,,0.008536817435616384,0.4298570157578491,0.0,151267.80549933357,227814.7747895417,4.061234496590449,8,,,,,
qwen_livecode,Qwen LiveCodeBench,64,2.0,479,48,431,block_by_token,16,block,5016821760,634847674368,RON calibrated,4,1.6,400,deterministic_shortest_path_on_selected_graph,1,1206.6437529599743,2121728,,0.3102846941887496,0.6033777656618349,0.30434602319036524,140078.31682875057,184514.18207681127,3.0911803892478082,5,22,minimize_calibration_aggregate_max_link_load,13,,
qwen_livecode,Qwen LiveCodeBench,64,2.0,479,48,431,block_by_token,16,block,5016821760,634847674368,RON W=4 0us,4,1.6,400,deterministic_shortest_path_on_selected_graph,431,1247.4546585599999,2121728,,0.286957257099462,0.5899632739987076,0.28081772935200805,141544.58251468628,187389.14270761816,3.1271477803659082,6,22,previous_4_requests_minimize_max_link_load,,0,0.0
qwen_livecode,Qwen LiveCodeBench,64,2.0,479,48,431,block_by_token,16,block,5016821760,634847674368,RON W=4 1us,4,1.6,400,deterministic_shortest_path_on_selected_graph,431,1247.88565856,2121728,,0.2867108983079169,0.5898216048585158,0.28056924933189487,141544.58251468628,187389.14270761816,3.1260677129061274,6,22,previous_4_requests_minimize_max_link_load,,1,0.431
qwen_livecode,Qwen LiveCodeBench,64,2.0,479,48,431,block_by_token,16,block,5016821760,634847674368,RON W=4 10us,4,1.6,400,deterministic_shortest_path_on_selected_graph,431,1251.7646585599998,2121728,,0.2844936691840112,0.5885465825967888,0.2783329291508762,141544.58251468628,187389.14270761816,3.116380575171857,6,22,previous_4_requests_minimize_max_link_load,,10,4.31
qwen_livecode,Qwen LiveCodeBench,64,2.0,479,48,431,block_by_token,16,block,5016821760,634847674368,RON oracle,4,1.6,400,deterministic_shortest_path_on_selected_graph,0,1126.3585484799999,1802240,,0.35617556647328974,0.6297674080952633,0.3506320306705876,148262.63316384458,186539.7359969004,3.141689127241901,6,22,true_current_request_minimize_max_link_load,,,0.0
qwen_mmlu_zh_anatomy,Qwen ZH Anatomy,16,8.0,135,14,121,block_by_token,16,block,606027776,18119229440,EN ideal Clos,,0.4,400,ideal_ECMP,0,248.0298393600028,1183744,408900,0.0,-1.6668064203303075,-1.6570122753870857,,,,,,,,,
qwen_mmlu_zh_anatomy,Qwen ZH Anatomy,16,8.0,135,14,121,block_by_token,16,block,606027776,18119229440,EN ECMP-imbalance 1.3x,,0.4,400,ideal_ECMP_times_1.3,0,322.4387911679923,1183744,408900,-0.29999999999995425,-2.4668483464292783,-2.45411595800309,,,,,,,,,
qwen_mmlu_zh_anatomy,Qwen ZH Anatomy,16,8.0,135,14,121,block_by_token,16,block,606027776,18119229440,SON ring,2,1.6,800,deterministic_shortest_path,0,93.00631552000017,2105344,,0.6250196518290438,0.0,0.003672611880846158,183279.43449973624,194846.19870773496,4.250789409835705,8,,,,,
qwen_mmlu_zh_anatomy,Qwen ZH Anatomy,16,8.0,135,14,121,block_by_token,16,block,606027776,18119229440,SON torus deterministic,4,1.6,400,deterministic_shortest_path,0,144.48427008000075,1482752,,0.41747222651590266,-0.5534888063481099,-0.5477834449011543,66967.47529453138,92137.13651748736,2.128394055159741,4,,,,,
qwen_mmlu_zh_anatomy,Qwen ZH Anatomy,16,8.0,135,14,121,block_by_token,16,block,606027776,18119229440,SON torus ECMP,4,1.6,400,equal_cost_shortest_path_split,0,93.34915072000135,864256,,0.6236374181393967,-0.003686149677947967,0.0,30437.846316159663,48377.97100577668,2.128394055159741,4,,,,,
qwen_mmlu_zh_anatomy,Qwen ZH Anatomy,16,8.0,135,14,121,block_by_token,16,block,606027776,18119229440,RON calibrated,4,1.6,400,deterministic_shortest_path_on_selected_graph,1,111.08843520000138,1015808,,0.5521166506149201,-0.19441819169917354,-0.19003155725764037,54263.177070511694,74167.19114938732,1.924896184489819,3,22,minimize_calibration_aggregate_max_link_load,12,,
qwen_mmlu_zh_anatomy,Qwen ZH Anatomy,16,8.0,135,14,121,block_by_token,16,block,606027776,18119229440,RON W=4 0us,4,1.6,400,deterministic_shortest_path_on_selected_graph,121,115.39267584000001,1138688,,0.5347629295823824,-0.24069720636536615,-0.23614060706473608,54960.008440302445,75750.13486906649,1.9429359242704294,4,22,previous_4_requests_minimize_max_link_load,,0,0.0
qwen_mmlu_zh_anatomy,Qwen ZH Anatomy,16,8.0,135,14,121,block_by_token,16,block,606027776,18119229440,RON W=4 1us,4,1.6,400,deterministic_shortest_path_on_selected_graph,121,115.51367584,1138688,,0.5342750850540297,-0.24199819328570035,-0.2374368159650498,54960.008440302445,75750.13486906649,1.940900708568677,4,22,previous_4_requests_minimize_max_link_load,,1,0.121
qwen_mmlu_zh_anatomy,Qwen ZH Anatomy,16,8.0,135,14,121,block_by_token,16,block,606027776,18119229440,RON W=4 10us,4,1.6,400,deterministic_shortest_path_on_selected_graph,121,116.60267584,1138688,,0.5298844842988545,-0.25370707556870853,-0.249102696067874,54960.008440302445,75750.13486906649,1.922773844357331,4,22,previous_4_requests_minimize_max_link_load,,10,1.21
qwen_mmlu_zh_anatomy,Qwen ZH Anatomy,16,8.0,135,14,121,block_by_token,16,block,606027776,18119229440,RON oracle,4,1.6,400,deterministic_shortest_path_on_selected_graph,0,102.84318720000002,860160,,0.5853596185629572,-0.10576563134451353,-0.10170458334940631,54974.413223140495,72707.3460500306,1.9069724581813554,4,22,true_current_request_minimize_max_link_load,,,0.0
qwen_mmlu_zh_anatomy,Qwen ZH Anatomy,32,4.0,135,14,121,block_by_token,16,block,309125120,18713034752,EN ideal Clos,,0.4,400,ideal_ECMP,0,256.261488640009,1048576,575908,0.0,-1.6528761756151553,-1.403945671703371,,,,,,,,,
qwen_mmlu_zh_anatomy,Qwen ZH Anatomy,32,4.0,135,14,121,block_by_token,16,block,309125120,18713034752,EN ECMP-imbalance 1.3x,,0.4,400,ideal_ECMP_times_1.3,0,333.1399352319975,1048576,575908,-0.2999999999999446,-2.448739028299555,-2.125129373214249,,,,,,,,,
qwen_mmlu_zh_anatomy,Qwen ZH Anatomy,32,4.0,135,14,121,block_by_token,16,block,309125120,18713034752,SON ring,2,1.6,800,deterministic_shortest_path,0,96.5976063999996,2080768,,0.6230506311633193,0.0,0.09383419633374407,184291.9106734658,195890.66520224552,8.266535264939469,16,,,,,
qwen_mmlu_zh_anatomy,Qwen ZH Anatomy,32,4.0,135,14,121,block_by_token,16,block,309125120,18713034752,SON torus deterministic,4,1.6,400,deterministic_shortest_path,0,148.0340275200005,1286144,,0.4223321330660194,-0.5324813216075829,-0.3886821683980614,54988.818005978545,80703.72685395132,3.0921017550700824,6,,,,,
qwen_mmlu_zh_anatomy,Qwen ZH Anatomy,32,4.0,135,14,121,block_by_token,16,block,309125120,18713034752,SON torus ECMP,4,1.6,400,equal_cost_shortest_path_split,0,106.60036607999925,1118208,,0.5840172214493404,-0.10355080268324002,0.0,21820.995252329874,40318.48468691222,3.0921017550700824,6,,,,,
qwen_mmlu_zh_anatomy,Qwen ZH Anatomy,32,4.0,135,14,121,block_by_token,16,block,309125120,18713034752,RON calibrated,4,1.6,400,deterministic_shortest_path_on_selected_graph,1,111.22917376000075,974848,,0.5659543915463113,-0.15146925379717485,-0.04342206176410096,38479.31633550202,57780.448443091416,2.4720038267910596,4,22,minimize_calibration_aggregate_max_link_load,18,,
qwen_mmlu_zh_anatomy,Qwen ZH Anatomy,32,4.0,135,14,121,block_by_token,16,block,309125120,18713034752,RON W=4 0us,4,1.6,400,deterministic_shortest_path_on_selected_graph,121,113.77033216000001,1105920,,0.5560381204222915,-0.1777758932130276,-0.06726023881212559,39199.55547740461,59025.59123416988,2.5308005303763372,5,22,previous_4_requests_minimize_max_link_load,,0,0.0
qwen_mmlu_zh_anatomy,Qwen ZH Anatomy,32,4.0,135,14,121,block_by_token,16,block,309125120,18713034752,RON W=4 1us,4,1.6,400,deterministic_shortest_path_on_selected_graph,121,113.89133216,1105920,,0.5555659464696537,-0.17902851224272642,-0.06839531934186026,39199.55547740461,59025.59123416988,2.5281117668122643,5,22,previous_4_requests_minimize_max_link_load,,1,0.121
qwen_mmlu_zh_anatomy,Qwen ZH Anatomy,32,4.0,135,14,121,block_by_token,16,block,309125120,18713034752,RON W=4 10us,4,1.6,400,deterministic_shortest_path_on_selected_graph,121,114.98033216,1105920,,0.5513163808959135,-0.19030208351001618,-0.07861104410947267,39199.55547740461,59025.59123416988,2.5041675525076172,5,22,previous_4_requests_minimize_max_link_load,,10,1.21
qwen_mmlu_zh_anatomy,Qwen ZH Anatomy,32,4.0,135,14,121,block_by_token,16,block,309125120,18713034752,RON oracle,4,1.6,400,deterministic_shortest_path_on_selected_graph,0,103.66730240000001,778240,,0.5954628104668909,-0.07318707226269774,0.027514574178836224,38505.06488482504,56713.633197113966,2.4850602583972656,5,22,true_current_request_minimize_max_link_load,,,0.0
qwen_mmlu_zh_anatomy,Qwen ZH Anatomy,64,2.0,135,14,121,block_by_token,16,block,149741568,19031801856,EN ideal Clos,,0.4,400,ideal_ECMP,0,260.415815680014,1048576,691422,0.0,-1.6357279189973624,-1.6238192869336332,,,,,,,,,
qwen_mmlu_zh_anatomy,Qwen ZH Anatomy,64,2.0,135,14,121,block_by_token,16,block,149741568,19031801856,EN ECMP-imbalance 1.3x,,0.4,400,ideal_ECMP_times_1.3,0,338.54056038399676,1048576,691422,-0.29999999999991755,-2.426446294696354,-2.410965073013507,,,,,,,,,
qwen_mmlu_zh_anatomy,Qwen ZH Anatomy,64,2.0,135,14,121,block_by_token,16,block,149741568,19031801856,SON ring,2,1.6,800,deterministic_shortest_path,0,98.80223743999983,2342912,,0.6205981684253652,0.0,0.0045181568165272015,186977.14225426412,198042.77847484645,16.38245958904201,32,,,,,
qwen_mmlu_zh_anatomy,Qwen ZH Anatomy,64,2.0,135,14,121,block_by_token,16,block,149741568,19031801856,SON torus deterministic,4,1.6,400,deterministic_shortest_path,0,138.2860390399995,1286144,,0.46897987482481285,-0.39962456947371483,-0.39330084618456823,40664.52189203446,62945.3481490185,4.078826730325511,8,,,,,
qwen_mmlu_zh_anatomy,Qwen ZH Anatomy,64,2.0,135,14,121,block_by_token,16,block,149741568,19031801856,SON torus ECMP,4,1.6,400,equal_cost_shortest_path_split,0,99.25066752000019,1011712,,0.6188761912911062,-0.004538663208641245,0.0,16150.822577809038,31347.287117529715,4.078826730325511,8,,,,,
qwen_mmlu_zh_anatomy,Qwen ZH Anatomy,64,2.0,135,14,121,block_by_token,16,block,149741568,19031801856,RON calibrated,4,1.6,400,deterministic_shortest_path_on_selected_graph,1,111.55013631999958,892928,,0.5716460767610719,-0.12902439469289587,-0.12392328542798868,29426.81062071391,47311.975637845964,3.1382201785950654,5,22,minimize_calibration_aggregate_max_link_load,4,,
qwen_mmlu_zh_anatomy,Qwen ZH Anatomy,64,2.0,135,14,121,block_by_token,16,block,149741568,19031801856,RON W=4 0us,4,1.6,400,deterministic_shortest_path_on_selected_graph,121,111.76116224000002,1007616,,0.5708357345802431,-0.1311602362028474,-0.126049476871063,29594.446280991735,47651.891016639594,3.147180164077966,6,22,previous_4_requests_minimize_max_link_load,,0,0.0
qwen_mmlu_zh_anatomy,Qwen ZH Anatomy,64,2.0,135,14,121,block_by_token,16,block,149741568,19031801856,RON W=4 1us,4,1.6,400,deterministic_shortest_path_on_selected_graph,121,111.88216224000001,1007616,,0.5703710930618928,-0.13238490482508863,-0.12726861224842065,29594.446280991735,47651.891016639594,3.1437765044397428,6,22,previous_4_requests_minimize_max_link_load,,1,0.121
qwen_mmlu_zh_anatomy,Qwen ZH Anatomy,64,2.0,135,14,121,block_by_token,16,block,149741568,19031801856,RON W=4 10us,4,1.6,400,deterministic_shortest_path_on_selected_graph,121,112.97116224000001,1007616,,0.5661893193967399,-0.1434069224252601,-0.13824083064464002,29594.446280991735,47651.891016639594,3.1134716678296552,6,22,previous_4_requests_minimize_max_link_load,,10,1.21
qwen_mmlu_zh_anatomy,Qwen ZH Anatomy,64,2.0,135,14,121,block_by_token,16,block,149741568,19031801856,RON oracle,4,1.6,400,deterministic_shortest_path_on_selected_graph,0,105.82949888000002,835584,,0.5936133963152298,-0.0711245172384651,-0.06628500869955471,29496.13363812203,46882.05856080731,3.1155623217347297,6,22,true_current_request_minimize_max_link_load,,,0.0
deepseek_livecode,DeepSeek LiveCodeBench,16,16.0,440,44,396,block_by_token,16,block,11994677248,360118190080,EN ideal Clos,,0.4,400,ideal_ECMP,0,1356.1087590400532,3260416,5400020,0.0,0.012707305193050302,-0.701518893377572,,,,,,,,,
deepseek_livecode,DeepSeek LiveCodeBench,16,16.0,440,44,396,block_by_token,16,block,11994677248,360118190080,EN ECMP-imbalance 1.3x,,0.4,400,ideal_ECMP_times_1.3,0,1762.9413867519452,3260416,5400020,-0.29999999999990856,-0.28348050324894436,-1.211974561390688,,,,,,,,,
deepseek_livecode,DeepSeek LiveCodeBench,16,16.0,440,44,396,block_by_token,16,block,11994677248,360118190080,SON ring,2,1.6,800,deterministic_shortest_path,0,1373.5630438400235,5382144,,-0.012870859128087669,0.0,-0.7234189033580144,1887078.18599791,1912690.2243585277,4.266326525409802,8,,,,,
deepseek_livecode,DeepSeek LiveCodeBench,16,16.0,440,44,396,block_by_token,16,block,11994677248,360118190080,SON torus deterministic,4,1.6,400,deterministic_shortest_path,0,1524.3165696000328,4096000,,-0.12403710944175943,-0.1097536268437689,-0.9125703785726673,443398.59839777084,527149.4980610094,2.133341631657235,4,,,,,
deepseek_livecode,DeepSeek LiveCodeBench,16,16.0,440,44,396,block_by_token,16,block,11994677248,360118190080,SON torus ECMP,4,1.6,400,equal_cost_shortest_path_split,0,796.998942720014,1806336,,0.41228980536621224,0.41975801817449077,0.0,458928.3288052943,478152.96133751306,2.133341631657235,4,,,,,
deepseek_livecode,DeepSeek LiveCodeBench,16,16.0,440,44,396,block_by_token,16,block,11994677248,360118190080,RON calibrated,4,1.6,400,deterministic_shortest_path_on_selected_graph,1,898.1019033600139,2572288,,0.3377360795193506,0.3461516692752442,-0.1268545731001269,401667.0316962731,432837.53922842635,1.9163344436988998,3,22,minimize_calibration_aggregate_max_link_load,12,,
deepseek_livecode,DeepSeek LiveCodeBench,16,16.0,440,44,396,block_by_token,16,block,11994677248,360118190080,RON W=4 0us,4,1.6,400,deterministic_shortest_path_on_selected_graph,396,905.58644224,2572288,,0.3322169507399715,0.3407026737496644,-0.1362454749932244,404111.6489028213,435209.14639964653,1.9236110452734225,3,22,previous_4_requests_minimize_max_link_load,,0,0.0
deepseek_livecode,DeepSeek LiveCodeBench,16,16.0,440,44,396,block_by_token,16,block,11994677248,360118190080,RON W=4 1us,4,1.6,400,deterministic_shortest_path_on_selected_graph,396,905.98244224,2572288,,0.33192493876279033,0.3404143724577973,-0.13674233888949067,404111.6489028213,435209.14639964653,1.92277024534352,3,22,previous_4_requests_minimize_max_link_load,,1,0.396
deepseek_livecode,DeepSeek LiveCodeBench,16,16.0,440,44,396,block_by_token,16,block,11994677248,360118190080,RON W=4 10us,4,1.6,400,deterministic_shortest_path_on_selected_graph,396,909.54644224,2572288,,0.32929683096815965,0.33781966083099324,-0.1412141139558876,404111.6489028213,435209.14639964653,1.9152359921859488,3,22,previous_4_requests_minimize_max_link_load,,10,3.96
deepseek_livecode,DeepSeek LiveCodeBench,16,16.0,440,44,396,block_by_token,16,block,11994677248,360118190080,RON oracle,4,1.6,400,deterministic_shortest_path_on_selected_graph,0,838.80280064,2236416,,0.38146347404041386,0.3893234064488314,-0.052451585164362824,420064.2563566702,436545.42429159203,1.930723544774306,4,22,true_current_request_minimize_max_link_load,,,0.0
deepseek_livecode,DeepSeek LiveCodeBench,32,8.0,440,44,396,block_by_token,16,block,6004613120,372098318336,EN ideal Clos,,0.4,400,ideal_ECMP,0,1093.8566246400658,2514944,10099058,0.0,0.3267067315752437,0.026234634075016496,,,,,,,,,
deepseek_livecode,DeepSeek LiveCodeBench,32,8.0,440,44,396,block_by_token,16,block,6004613120,372098318336,EN ECMP-imbalance 1.3x,,0.4,400,ideal_ECMP_times_1.3,0,1422.0136120320196,2514944,10099058,-0.29999999999993976,0.1247187510478574,-0.26589497570241993,,,,,,,,,
deepseek_livecode,DeepSeek LiveCodeBench,32,8.0,440,44,396,block_by_token,16,block,6004613120,372098318336,SON ring,2,1.6,800,deterministic_shortest_path,0,1624.6362112000077,7061504,,-0.4852368899211039,0.0,-0.4462722435993082,1886966.4590734935,1912373.6191488483,8.256254413997432,16,,,,,
deepseek_livecode,DeepSeek LiveCodeBench,32,8.0,440,44,396,block_by_token,16,block,6004613120,372098318336,SON torus deterministic,4,1.6,400,deterministic_shortest_path,0,1401.7280409600285,4194304,,-0.28145500002915647,0.1372049746911231,-0.24783649701979127,352841.2957157785,470969.7074154276,3.0965842387537728,6,,,,,
deepseek_livecode,DeepSeek LiveCodeBench,32,8.0,440,44,396,block_by_token,16,block,6004613120,372098318336,SON torus ECMP,4,1.6,400,equal_cost_shortest_path_split,0,1123.326689280027,2306048,,-0.02694143270344814,0.3085672462942935,0.0,267763.2490421456,358576.51725047495,3.0965842387537728,6,,,,,
deepseek_livecode,DeepSeek LiveCodeBench,32,8.0,440,44,396,block_by_token,16,block,6004613120,372098318336,RON calibrated,4,1.6,400,deterministic_shortest_path_on_selected_graph,1,770.5975193599974,1744896,,0.2955223728579941,0.525679955889442,0.3140040856201005,255798.12469522815,291286.09852131264,2.4736800229748965,4,22,minimize_calibration_aggregate_max_link_load,18,,
deepseek_livecode,DeepSeek LiveCodeBench,32,8.0,440,44,396,block_by_token,16,block,6004613120,372098318336,RON W=4 0us,4,1.6,400,deterministic_shortest_path_on_selected_graph,396,778.62043648,2187264,,0.2881878493571262,0.5207416705892045,0.3068619806593925,255821.39742250086,292779.22485042777,2.488974463501565,5,22,previous_4_requests_minimize_max_link_load,,0,0.0
deepseek_livecode,DeepSeek LiveCodeBench,32,8.0,440,44,396,block_by_token,16,block,6004613120,372098318336,RON W=4 1us,4,1.6,400,deterministic_shortest_path_on_selected_graph,396,779.0164364799999,2187264,,0.2878258275061087,0.5204979237138918,0.3065094563191636,255821.39742250086,292779.22485042777,2.4877092348858505,5,22,previous_4_requests_minimize_max_link_load,,1,0.396
deepseek_livecode,DeepSeek LiveCodeBench,32,8.0,440,44,396,block_by_token,16,block,6004613120,372098318336,RON W=4 10us,4,1.6,400,deterministic_shortest_path_on_selected_graph,396,782.58043648,2187264,,0.2845676308469507,0.5183042018360767,0.3033367372571031,255821.39742250086,292779.22485042777,2.4763797979361954,5,22,previous_4_requests_minimize_max_link_load,,10,3.96
deepseek_livecode,DeepSeek LiveCodeBench,32,8.0,440,44,396,block_by_token,16,block,6004613120,372098318336,RON oracle,4,1.6,400,deterministic_shortest_path_on_selected_graph,0,692.7613952,1892352,,0.3666798924146447,0.5735898348047379,0.3832948136894966,272109.1856495994,296973.01839106233,2.5288662797869566,5,22,true_current_request_minimize_max_link_load,,,0.0
deepseek_livecode,DeepSeek LiveCodeBench,64,4.0,440,44,396,block_by_token,16,block,2998943744,378109657088,EN ideal Clos,,0.4,400,ideal_ECMP,0,964.9753292804803,2048000,15988912,0.0,0.4549878431052312,0.016589558511536363,,,,,,,,,
deepseek_livecode,DeepSeek LiveCodeBench,64,4.0,440,44,396,block_by_token,16,block,2998943744,378109657088,EN ECMP-imbalance 1.3x,,0.4,400,ideal_ECMP_times_1.3,0,1254.4679280642374,2048000,15988912,-0.299999999999599,0.29148419603701914,-0.2784335739346083,,,,,,,,,
deepseek_livecode,DeepSeek LiveCodeBench,64,4.0,440,44,396,block_by_token,16,block,2998943744,378109657088,SON ring,2,1.6,800,deterministic_shortest_path,0,1770.5574400000003,8593408,,-0.8348214573736206,0.0,-0.8043825794482985,1886905.022640195,1912357.6213862798,16.25204721055818,32,,,,,
deepseek_livecode,DeepSeek LiveCodeBench,64,4.0,440,44,396,block_by_token,16,block,2998943744,378109657088,SON torus deterministic,4,1.6,400,deterministic_shortest_path,0,1122.0819968000162,3850240,,-0.16280899910330368,0.3662549593420612,-0.1435185111749384,249495.49564611632,322666.9902321075,4.062937242341609,8,,,,,
deepseek_livecode,DeepSeek LiveCodeBench,64,4.0,440,44,396,block_by_token,16,block,2998943744,378109657088,SON torus ECMP,4,1.6,400,equal_cost_shortest_path_split,0,981.253898240006,1845248,,-0.0168694146529773,0.4457938070396598,0.0,158598.7767328457,239039.20261838494,4.062937242341609,8,,,,,
deepseek_livecode,DeepSeek LiveCodeBench,64,4.0,440,44,396,block_by_token,16,block,2998943744,378109657088,RON calibrated,4,1.6,400,deterministic_shortest_path_on_selected_graph,1,646.3882854400025,1581056,,0.3301504548080287,0.6349238545799438,0.3412629630319169,148391.0107976315,187590.20765123604,3.0924325882109303,5,22,minimize_calibration_aggregate_max_link_load,13,,
deepseek_livecode,DeepSeek LiveCodeBench,64,4.0,440,44,396,block_by_token,16,block,2998943744,378109657088,RON W=4 0us,4,1.6,400,deterministic_shortest_path_on_selected_graph,396,666.0276224,1736704,,0.309798289976373,0.6238316773275653,0.32124843162957245,148869.3054684779,189737.634390271,3.120624647251781,6,22,previous_4_requests_minimize_max_link_load,,0,0.0
deepseek_livecode,DeepSeek LiveCodeBench,64,4.0,440,44,396,block_by_token,16,block,2998943744,378109657088,RON W=4 1us,4,1.6,400,deterministic_shortest_path_on_selected_graph,396,666.4236224,1736704,,0.30938791679067174,0.6236080189524945,0.3208448663538469,148869.3054684779,189737.634390271,3.1187703201859707,6,22,previous_4_requests_minimize_max_link_load,,1,0.396
deepseek_livecode,DeepSeek LiveCodeBench,64,4.0,440,44,396,block_by_token,16,block,2998943744,378109657088,RON W=4 10us,4,1.6,400,deterministic_shortest_path_on_selected_graph,396,669.9876224000001,1736704,,0.30569455811935986,0.6215950935768567,0.31721277887231686,148869.3054684779,189737.634390271,3.102180017545265,6,22,previous_4_requests_minimize_max_link_load,,10,3.96
deepseek_livecode,DeepSeek LiveCodeBench,64,4.0,440,44,396,block_by_token,16,block,2998943744,378109657088,RON oracle,4,1.6,400,deterministic_shortest_path_on_selected_graph,0,584.66009088,1548288,,0.3941191311948429,0.6697875608712249,0.4041704273189065,157469.6036224312,190097.39297776102,3.1442720792928407,6,22,true_current_request_minimize_max_link_load,,,0.0
